dataset,Sim_diffs,comparison,category,exclude,novel,character,simIn,simOut
scaled-booknlp-quotes,0.022130499571183515,gender,F,0,E,Anna Weston,0.028804113207547166,0.006673613636363637
scaled-booknlp-quotes,-0.012791241423670607,gender,F,0,E,Augusta Elton,0.0017467358490566003,0.014537977272727286
scaled-booknlp-quotes,0.03716222169811312,gender,F,0,E,Emma Woodhouse,0.037856471698113195,0.0006942499999999998
scaled-booknlp-quotes,0.038327831903945064,gender,F,0,E,Harriet Smith,0.03167537735849059,-0.006652454545454544
scaled-booknlp-quotes,0.04680673799313895,gender,F,0,E,Isabella Knightley,-0.0018198301886792456,-0.04862656818181818
scaled-booknlp-quotes,0.013073043310463106,gender,F,0,E,Jane Fairfax,0.017369566037735856,0.004296522727272733
scaled-booknlp-quotes,0.04721131818181823,gender,F,0,E,Miss Bates,0.031512000000000005,-0.015699318181818193
scaled-booknlp-quotes,0.010315123927958858,gender,F,0,E,Mrs. Cole,0.003351283018867917,-0.00696384090909091
scaled-booknlp-quotes,-0.024308035162950326,gender,F,0,MP,Fanny Price,-0.0048667169811320785,0.01944131818181818
scaled-booknlp-quotes,-0.03206933790737554,gender,F,0,MP,Julia Bertram,-0.011704792452830185,0.020364545454545455
scaled-booknlp-quotes,0.006278475557461416,gender,F,0,MP,Lady Bertram,-9.75471698113251e-05,-0.006376022727272727
scaled-booknlp-quotes,-0.03812305231560886,gender,F,0,MP,Maria Bertram,-0.013385188679245286,0.024737863636363634
scaled-booknlp-quotes,-0.05649820068610645,gender,F,0,MP,Mary Crawford,-0.007089018867924529,0.04940918181818182
scaled-booknlp-quotes,0.008560105917667205,gender,F,0,MP,Mrs. Grant,0.014387037735849057,0.005826931818181818
scaled-booknlp-quotes,0.0016283190394511537,gender,F,0,MP,Mrs. Norris,-0.013188226415094331,-0.014816545454545456
scaled-booknlp-quotes,0.0002950283018867683,gender,F,0,MP,Mrs. Price,-0.024778471698113223,-0.02507349999999999
scaled-booknlp-quotes,-0.012911424099485425,gender,F,0,MP,Susan Price,-0.04055403773584908,-0.027642613636363635
scaled-booknlp-quotes,-0.045553343053173156,gender,F,0,N,Catherine Morland,-0.011803433962264152,0.033749909090909094
scaled-booknlp-quotes,-0.018863903945111504,gender,F,0,N,Eleanor Tilney,0.005435641509433957,0.024299545454545445
scaled-booknlp-quotes,0.01501619125214404,gender,F,0,N,Isabella Thorpe,0.018758509433962265,0.0037423181818181813
scaled-booknlp-quotes,-0.01774923456260724,gender,F,0,N,Mrs. Allen,-0.02826307547169811,-0.010513840909090912
scaled-booknlp-quotes,0.03800855617495713,gender,F,0,N,Mrs. Morland,-0.004726830188679247,-0.04273538636363637
scaled-booknlp-quotes,0.05857651801029151,gender,F,0,N,Mrs. Thorpe,0.010734245283018876,-0.04784227272727271
scaled-booknlp-quotes,-0.022389939965694827,gender,F,0,P,Anne Elliot,-0.006325849056603773,0.01606409090909091
scaled-booknlp-quotes,0.01182853945111495,gender,F,0,P,Elizabeth Elliot,0.003629584905660373,-0.00819895454545455
scaled-booknlp-quotes,0.007959994425385863,gender,F,0,P,Henrietta Musgrove,-0.04386952830188681,-0.05182952272727271
scaled-booknlp-quotes,-0.019350637221269285,gender,F,0,P,Lady Russell,-0.020339773584905657,-0.000989136363636365
scaled-booknlp-quotes,0.006976111921097705,gender,F,0,P,Louisa Musgrove,-0.025278547169811323,-0.03225465909090909
scaled-booknlp-quotes,0.03590105831903956,gender,F,0,P,Mary Musgrove,0.009303603773584905,-0.026597454545454535
scaled-booknlp-quotes,-0.016571772727272727,gender,F,0,P,Mrs. Clay,-0.016520999999999994,5.077272727272364e-05
scaled-booknlp-quotes,-0.03301751886792459,gender,F,0,P,Mrs. Croft,-0.01154801886792453,0.021469499999999996
scaled-booknlp-quotes,0.010825935248713559,gender,F,0,P,Mrs. Harville,-0.04418490566037736,-0.05501084090909092
scaled-booknlp-quotes,-0.016736399228130305,gender,F,0,P,Mrs. Smith,-0.011351603773584908,0.0053847954545454555
scaled-booknlp-quotes,0.0128073301886793,gender,F,0,P&P,Caroline Bingley,-0.0014221698113207543,-0.0142295
scaled-booknlp-quotes,0.017029483276157942,gender,F,0,P&P,Charlotte Lucas,0.01781841509433963,0.0007889318181818161
scaled-booknlp-quotes,-0.012186497427101317,gender,F,0,P&P,Elizabeth Bennet,0.016333320754716982,0.02851981818181819
scaled-booknlp-quotes,-0.058322299313893766,gender,F,0,P&P,Georgiana Darcy,-0.03694598113207548,0.021376318181818184
scaled-booknlp-quotes,0.037790818181818286,gender,F,0,P&P,Jane Bennet,0.029375999999999985,-0.008414818181818185
scaled-booknlp-quotes,0.006355782590051318,gender,F,0,P&P,Lady Catherine de Bourgh,0.022705396226415094,0.016349613636363638
scaled-booknlp-quotes,0.012449426672384245,gender,F,0,P&P,Lady Lucas,-0.031170641509433966,-0.04362006818181818
scaled-booknlp-quotes,0.005496823327615807,gender,F,0,P&P,Lydia Bennet,-0.007197358490566036,-0.012694181818181816
scaled-booknlp-quotes,-0.0604160428816467,gender,F,0,P&P,Mary Bennet,-0.04459867924528301,0.015817363636363643
scaled-booknlp-quotes,0.03465509648370502,gender,F,0,P&P,Mrs. Bennet,0.02247152830188679,-0.012183568181818188
scaled-booknlp-quotes,0.028302650943396346,gender,F,0,P&P,Mrs. Gardiner,0.022671150943396227,-0.0056315
scaled-booknlp-quotes,-0.02460355617495713,gender,F,0,P&P,Mrs. Hurst,-0.035157169811320756,-0.010553613636363635
scaled-booknlp-quotes,0.023265545883361938,gender,F,0,S&S,Charlotte Palmer,0.01405688679245283,-0.009208659090909087
scaled-booknlp-quotes,-0.012113659948542077,gender,F,0,S&S,Elinor Dashwood,0.014302226415094344,0.026415886363636357
scaled-booknlp-quotes,0.03868077272727266,gender,F,0,S&S,Fanny Dashwood,-0.004498999999999997,-0.04317977272727272
scaled-booknlp-quotes,-0.00685695926243568,gender,F,0,S&S,Lady Middleton,-0.015875754716981133,-0.009018795454545453
scaled-booknlp-quotes,0.030776416380789096,gender,F,0,S&S,Lucy Steele,0.018357075471698122,-0.012419340909090915
scaled-booknlp-quotes,0.03680559391080618,gender,F,0,S&S,Margaret Dashwood,-0.003972792452830187,-0.04077838636363636
scaled-booknlp-quotes,-0.0034241024871355386,gender,F,0,S&S,Marianne Dashwood,0.005659056603773589,0.009083159090909083
scaled-booknlp-quotes,-0.008848278730703263,gender,F,0,S&S,Mrs. Dashwood,-4.641509433962258e-05,0.008801863636363635
scaled-booknlp-quotes,-0.0218268602058318,gender,F,0,S&S,Mrs. Jennings,0.0006810943396226418,0.022507954545454546
scaled-booknlp-quotes,0.031829506533100904,gender,M,0,E,Frank Churchill,0.04231902439024391,0.01048951785714286
scaled-booknlp-quotes,-0.02264613501742163,gender,M,0,E,George Knightley,0.013062829268292685,0.03570896428571427
scaled-booknlp-quotes,-0.004909584930313571,gender,M,0,E,Mr. Weston,0.01998468292682927,0.024894267857142858
scaled-booknlp-quotes,-0.06887771515679453,gender,M,0,E,Mr. Woodhouse,-0.053831536585365866,0.015046178571428575
scaled-booknlp-quotes,-0.04383367726480836,gender,M,0,E,Philip Elton,-0.016623195121951217,0.02721048214285714
scaled-booknlp-quotes,0.022099879355400698,gender,M,0,MP,Dr. Grant,-0.003552317073170727,-0.025652196428571424
scaled-booknlp-quotes,0.0354614041811846,gender,M,0,MP,Edmund Bertram,0.030088975609756093,-0.00537242857142857
scaled-booknlp-quotes,0.027255872386759528,gender,M,0,MP,Henry Crawford,0.03599639024390243,0.008740517857142856
scaled-booknlp-quotes,0.06879906358885024,gender,M,0,MP,Mr. Rushworth,0.03718317073170732,-0.031615892857142856
scaled-booknlp-quotes,0.04286577569686412,gender,M,0,MP,Mr. Yates,0.011301829268292683,-0.031563946428571445
scaled-booknlp-quotes,0.02294968771776995,gender,M,0,MP,Sir Thomas Bertram,0.03713963414634147,0.014189946428571425
scaled-booknlp-quotes,0.02370639677700359,gender,M,0,MP,William Price,0.003999414634146343,-0.01970698214285716
scaled-booknlp-quotes,0.02383299738675959,gender,M,0,N,Frederick Tilney,-0.02493460975609756,-0.04876760714285714
scaled-booknlp-quotes,0.06052918074912905,gender,M,0,N,General Tilney,0.03271234146341463,-0.027816839285714278
scaled-booknlp-quotes,0.03172894337979093,gender,M,0,N,Henry Tilney,0.03014712195121952,-0.0015818214285714242
scaled-booknlp-quotes,-0.008880161149825816,gender,M,0,N,James Morland,-0.014629268292682927,-0.005749107142857146
scaled-booknlp-quotes,0.05681855749128928,gender,M,0,N,John Thorpe,0.052804414634146334,-0.004014142857142856
scaled-booknlp-quotes,-0.017310705574912877,gender,M,0,N,Mr. Allen,-0.013875634146341466,0.0034350714285714323
scaled-booknlp-quotes,0.031234012630661945,gender,M,0,P,Admiral Croft,0.010224780487804879,-0.02100923214285714
scaled-booknlp-quotes,-0.006766951219512207,gender,M,0,P,Captain Benwick,-0.04359195121951219,-0.036825000000000004
scaled-booknlp-quotes,0.061723812282230006,gender,M,0,P,Captain Harville,0.040849365853658524,-0.02087444642857143
scaled-booknlp-quotes,-0.024116520905923422,gender,M,0,P,Charles Musgrove,-0.031828878048780505,-0.0077123571428571545
scaled-booknlp-quotes,0.030936969947735093,gender,M,0,P,Mr. Shepherd,-0.00010551219512194859,-0.03104248214285715
scaled-booknlp-quotes,0.01335600130662018,gender,M,0,P,Sir Walter Elliot,-0.016626195121951213,-0.029982196428571414
scaled-booknlp-quotes,-0.0067826445993031115,gender,M,0,P,William Elliot,-0.019610073170731705,-0.012827428571428568
scaled-booknlp-quotes,0.05739741245644592,gender,M,0,P,Captain Wentworth,0.029906073170731715,-0.027491339285714286
scaled-booknlp-quotes,0.011193637630662168,gender,M,0,P&P,Charles Bingley,0.007086780487804877,-0.004106857142857143
scaled-booknlp-quotes,0.06523583623693374,gender,M,0,P&P,Colonel Fitzwilliam,0.04799912195121952,-0.017236714285714286
scaled-booknlp-quotes,-0.0048149054878048325,gender,M,0,P&P,Mr. Gardiner,-0.0005427804878048765,0.0042721249999999955
scaled-booknlp-quotes,0.005090209059233519,gender,M,0,P&P,Fitzwilliam Darcy,0.013219780487804875,0.008129571428571415
scaled-booknlp-quotes,-0.00613128919860606,gender,M,0,P&P,George Wickham,0.008106853658536585,0.01423814285714286
scaled-booknlp-quotes,-0.027769805313588858,gender,M,0,P&P,Mr. Bennet,-0.01570007317073171,0.012069732142857148
scaled-booknlp-quotes,0.04006903222996516,gender,M,0,P&P,Mr. Hurst,0.0020518536585365874,-0.03801717857142858
scaled-booknlp-quotes,0.023960419425087087,gender,M,0,P&P,Sir William Lucas,0.027632365853658532,0.003671946428571432
scaled-booknlp-quotes,-0.057193464721254306,gender,M,0,P&P,William Collins,-0.032788268292682915,0.02440519642857143
scaled-booknlp-quotes,-0.010283771777003459,gender,M,0,S&S,Colonel Brandon,0.00443358536585366,0.014717357142857148
scaled-booknlp-quotes,0.04308627439024393,gender,M,0,S&S,Edward Ferrars,0.0380940243902439,-0.0049922500000000045
scaled-booknlp-quotes,0.022414162891986056,gender,M,0,S&S,John Dashwood,0.008832341463414634,-0.013581821428571427
scaled-booknlp-quotes,0.028446930749128962,gender,M,0,S&S,John Willoughby,0.019986341463414645,-0.008460589285714285
scaled-booknlp-quotes,-0.013829349738676,gender,M,0,S&S,Robert Ferrars,-0.01899143902439025,-0.005162089285714286
scaled-booknlp-quotes,0.044815269163762994,gender,M,0,S&S,Sir John Middleton,0.034569804878048796,-0.010245464285714287
scaled-booknlp-quotes,0.03897909756097562,gender,M,0,S&S,Thomas Palmer,0.016998097560975617,-0.021981
scaled-booknlp-quotes,-0.031527547619047636,age,17,0,E,Harriet Smith,-0.015287833333333339,0.016239714285714284
scaled-booknlp-quotes,0.11855289743589736,age,17,0,N,Catherine Morland,0.12007966666666665,0.0015267692307692204
scaled-booknlp-quotes,0.09451450000000006,age,17,0,S&S,Marianne Dashwood,0.09588050000000002,0.0013660000000000115
scaled-booknlp-quotes,-0.03397649633699629,age,17,0,MP,Susan Price,-0.06657216666666665,-0.03259567032967035
scaled-booknlp-quotes,0.007270564102564103,age,17,0,P&P,Georgiana Darcy,-0.0036696666666666683,-0.010940230769230775
scaled-booknlp-quotes,-0.03331086996336996,age,17,0,P&P,Lydia Bennet,-0.04094116666666666,-0.007630296703296705
scaled-booknlp-quotes,0.16038127106227107,age,17,0,S&S,Margaret Dashwood,0.12979266666666667,-0.030588604395604402
scaled-booknlp-quotes,-0.030254640196078375,age,20,0,E,Emma Woodhouse,-0.005512416666666672,0.02474222352941177
scaled-booknlp-quotes,-0.0700190990196079,age,20,0,E,Jane Fairfax,-0.04991741666666666,0.02010168235294118
scaled-booknlp-quotes,-0.000712805882352896,age,20,0,MP,Julia Bertram,0.002217499999999995,0.0029303058823529414
scaled-booknlp-quotes,0.015596927450980291,age,20,0,N,James Morland,0.004164833333333336,-0.01143209411764706
scaled-booknlp-quotes,-0.023798605882353052,age,20,0,N,John Thorpe,-0.0008525000000000014,0.02294610588235294
scaled-booknlp-quotes,-0.08161409117647056,age,20,0,P,Henrietta Musgrove,-0.11899775,-0.03738365882352942
scaled-booknlp-quotes,0.008128543137254862,age,20,0,P&P,Elizabeth Bennet,0.02898416666666667,0.020855623529411775
scaled-booknlp-quotes,0.051825359803921556,age,20,0,MP,Fanny Price,0.05157358333333332,-0.0002517764705882353
scaled-booknlp-quotes,-0.03182274901960791,age,20,0,MP,William Price,-0.037572666666666664,-0.005749917647058814
scaled-booknlp-quotes,0.04030858823529404,age,20,0,N,Isabella Thorpe,0.047269000000000005,0.0069604117647058825
scaled-booknlp-quotes,-0.007879193137254825,age,20,0,P,Louisa Musgrove,-0.035347416666666666,-0.027468223529411757
scaled-booknlp-quotes,-0.024134592156862755,age,20,0,P&P,Mary Bennet,-0.03834233333333333,-0.01420774117647059
scaled-booknlp-quotes,-0.06857747745098042,age,20,0,S&S,Elinor Dashwood,-0.04029658333333334,0.028280894117647042
scaled-booknlp-quotes,-0.0318949242685026,age,24,0,E,Isabella Knightley,-0.0503432857142857,-0.01844836144578313
scaled-booknlp-quotes,-0.00040482013769382874,age,24,0,N,Eleanor Tilney,0.01364607142857143,0.014050891566265062
scaled-booknlp-quotes,-0.06134141652323577,age,24,0,P,Mary Musgrove,-0.05946942857142857,0.0018719879518072247
scaled-booknlp-quotes,-0.028309945783132506,age,24,0,S&S,Edward Ferrars,-0.0110045,0.01730544578313251
scaled-booknlp-quotes,0.048940943201376985,age,24,0,MP,Edmund Bertram,0.05149371428571429,0.002552771084337349
scaled-booknlp-quotes,0.018517617900172256,age,24,0,MP,Maria Bertram,0.019752714285714294,0.00123509638554217
scaled-booknlp-quotes,0.0028869905335628943,age,24,0,P&P,Charles Bingley,0.0030947857142857166,0.0002077951807228903
scaled-booknlp-quotes,-0.03291512392426854,age,24,0,P&P,Jane Bennet,-0.015930714285714288,0.016984409638554215
scaled-booknlp-quotes,-0.03187134079173848,age,24,0,S&S,Lucy Steele,-0.022874714285714293,0.008996626506024095
scaled-booknlp-quotes,-0.020380536144578354,age,24,0,S&S,Robert Ferrars,-0.028446499999999993,-0.008065963855421684
scaled-booknlp-quotes,-0.0019648993115317648,age,24,0,E,Augusta Elton,0.005867642857142859,0.0078325421686747
scaled-booknlp-quotes,0.06159753958691905,age,24,0,MP,Henry Crawford,0.07296821428571429,0.01137067469879518
scaled-booknlp-quotes,0.019468160929431932,age,24,0,P&P,Caroline Bingley,0.009426642857142852,-0.010041518072289155
scaled-booknlp-quotes,0.009194447504303094,age,24,0,S&S,Charlotte Palmer,0.011370857142857143,0.0021764096385542154
scaled-booknlp-quotes,0.08004524870912211,age,24,0,MP,Mary Crawford,0.08703135714285715,0.00698610843373494
scaled-booknlp-quotes,0.005507596747967414,age,27,0,E,Frank Churchill,0.02859913333333334,0.02309153658536585
scaled-booknlp-quotes,-0.021573882113821163,age,27,0,N,Henry Tilney,-0.006408333333333336,0.015165548780487828
scaled-booknlp-quotes,-0.0743331178861788,age,27,0,P&P,William Collins,-0.06260766666666667,0.011725451219512198
scaled-booknlp-quotes,-0.03670902439024393,age,27,0,S&S,John Willoughby,-0.027469000000000004,0.0092400243902439
scaled-booknlp-quotes,-0.013576255284552863,age,27,0,S&S,Thomas Palmer,-0.01698213333333333,-0.003405878048780495
scaled-booknlp-quotes,-0.0012514325203252241,age,27,0,E,Philip Elton,0.007624933333333337,0.008876365853658533
scaled-booknlp-quotes,0.02907624634146333,age,27,0,P,William Elliot,0.008885599999999997,-0.020190646341463413
scaled-booknlp-quotes,0.010621104878048682,age,27,0,N,Frederick Tilney,-0.029715199999999997,-0.04033630487804878
scaled-booknlp-quotes,0.029480493495935067,age,27,0,P,Anne Elliot,0.02875206666666667,-0.0007284268292682914
scaled-booknlp-quotes,-0.08736991219512202,age,27,0,P&P,Charlotte Lucas,-0.0637654,0.023604512195121947
scaled-booknlp-quotes,0.0005895032520325527,age,27,0,MP,Mr. Rushworth,-0.0020375333333333395,-0.0026270365853658553
scaled-booknlp-quotes,0.007464610569105634,age,27,0,MP,Mr. Yates,-0.0071351333333333315,-0.01459974390243903
scaled-booknlp-quotes,0.0023102487804878002,age,27,0,P&P,Mrs. Hurst,-0.022043800000000006,-0.024354048780487813
scaled-booknlp-quotes,-0.06260113739837403,age,27,0,S&S,Fanny Dashwood,-0.07496546666666666,-0.012364329268292684
scaled-booknlp-quotes,-0.010566369918699192,age,27,0,P,Charles Musgrove,-0.026838333333333336,-0.016271963414634136
scaled-booknlp-quotes,0.010286464227642234,age,27,0,P,Mrs. Clay,-0.0003081333333333325,-0.01059459756097561
scaled-booknlp-quotes,-0.09152953793103447,age,30,0,MP,Mrs. Grant,-0.0715894,0.019940137931034486
scaled-booknlp-quotes,-0.047244197701149404,age,30,0,P,Elizabeth Elliot,-0.04410960000000001,0.003134597701149425
scaled-booknlp-quotes,0.012905498850574681,age,30,0,P,Mrs. Smith,0.007815199999999996,-0.005090298850574711
scaled-booknlp-quotes,0.027288780459770123,age,30,0,P&P,Colonel Fitzwilliam,0.034812699999999995,0.007523919540229888
scaled-booknlp-quotes,-0.0018079942528734794,age,30,0,P&P,Fitzwilliam Darcy,0.008659499999999997,0.010467494252873561
scaled-booknlp-quotes,0.024204658620689656,age,30,0,P&P,George Wickham,0.033355899999999994,0.009151241379310346
scaled-booknlp-quotes,-0.022648118390804606,age,30,0,P,Mrs. Harville,-0.06940890000000001,-0.046760781609195404
scaled-booknlp-quotes,-0.003118178160919527,age,30,0,P&P,Mr. Hurst,-0.023877500000000006,-0.020759321839080455
scaled-booknlp-quotes,-0.02426149080459772,age,30,0,S&S,John Dashwood,-0.025868100000000005,-0.0016066091954022987
scaled-booknlp-quotes,-0.07624135172413793,age,30,0,S&S,Lady Middleton,-0.0811468,-0.004905448275862069
scaled-booknlp-quotes,-0.03126827586206893,age,30,0,P,Captain Benwick,-0.06772999999999998,-0.036461724137931036
scaled-booknlp-quotes,0.09826079195402304,age,40,0,E,George Knightley,0.11426770000000001,0.01600690804597701
scaled-booknlp-quotes,0.04514335402298841,age,40,0,P,Mrs. Croft,0.0439184,-0.0012249540229885073
scaled-booknlp-quotes,0.08610620574712646,age,40,0,P,Captain Wentworth,0.0739987,-0.012107505747126436
scaled-booknlp-quotes,0.09925975632183914,age,40,0,S&S,Colonel Brandon,0.09939740000000001,0.00013764367816092
scaled-booknlp-quotes,0.055691226436781704,age,40,0,S&S,Mrs. Dashwood,0.053917099999999996,-0.0017741264367816107
scaled-booknlp-quotes,0.08588755057471276,age,40,0,E,Anna Weston,0.09579870000000001,0.009911149425287357
scaled-booknlp-quotes,-0.005537536781609287,age,40,0,E,Miss Bates,0.005129900000000007,0.010667436781609196
scaled-booknlp-quotes,0.06309286091954025,age,40,0,E,Mrs. Cole,0.05526070000000001,-0.007832160919540221
scaled-booknlp-quotes,-0.07873760229885063,age,40,0,N,Mrs. Allen,-0.09083219999999999,-0.012094597701149427
scaled-booknlp-quotes,0.03754092643678164,age,40,0,S&S,Sir John Middleton,0.0423678,0.0048268735632183936
scaled-booknlp-quotes,0.07192650344827578,age,40,0,P,Captain Harville,0.0697264,-0.0022001034482758692
scaled-booknlp-quotes,-0.00046375824175826086,age,50,0,MP,Dr. Grant,-0.016712615384615388,-0.016248857142857138
scaled-booknlp-quotes,-0.027585491758241876,age,50,0,E,Mr. Weston,-0.0010693846153846194,0.026516107142857143
scaled-booknlp-quotes,0.16933153113553112,age,50,0,MP,Mrs. Norris,0.13271076923076924,-0.03662076190476193
scaled-booknlp-quotes,0.08723635805860808,age,50,0,P&P,Mr. Gardiner,0.07778184615384615,-0.009454511904761908
scaled-booknlp-quotes,0.011382996336996243,age,50,0,N,Mr. Allen,0.005975615384615383,-0.005407380952380954
scaled-booknlp-quotes,-0.021477263736263685,age,50,0,N,Mrs. Morland,-0.040566692307692304,-0.01908942857142858
scaled-booknlp-quotes,-0.009626530219780216,age,50,0,N,Mrs. Thorpe,-0.024172923076923085,-0.014546392857142857
scaled-booknlp-quotes,0.05679767032967031,age,50,0,P,Admiral Croft,0.0413783846153846,-0.015419285714285715
scaled-booknlp-quotes,-0.015313501831501819,age,50,0,MP,Lady Bertram,-0.016206692307692318,-0.000893190476190474
scaled-booknlp-quotes,0.036350696886446876,age,50,0,P,Mr. Shepherd,0.013512923076923072,-0.022837773809523815
scaled-booknlp-quotes,0.0737700375457877,age,50,0,P&P,Lady Catherine de Bourgh,0.08370569230769233,0.009935654761904764
scaled-booknlp-quotes,0.13553644963369949,age,50,0,P&P,Mrs. Bennet,0.12412346153846152,-0.011412988095238094
scaled-booknlp-quotes,0.08967480219780222,age,50,0,MP,Mrs. Price,0.052744230769230765,-0.03693057142857144
scaled-booknlp-quotes,0.04600208516483506,age,50,0,P&P,Mrs. Gardiner,0.04966969230769231,0.0036676071428571387
scaled-booknlp-quotes,0.0025755421348314655,age,60,0,P,Sir Walter Elliot,-0.021973749999999993,-0.02454929213483145
scaled-booknlp-quotes,-0.09900789185393255,age,60,0,E,Mr. Woodhouse,-0.104909375,-0.005901483146067413
scaled-booknlp-quotes,-0.043233068820224596,age,60,0,MP,Sir Thomas Bertram,-0.015777124999999996,0.027455943820224715
scaled-booknlp-quotes,0.00953933988764033,age,60,0,N,General Tilney,0.00652025,-0.0030190898876404503
scaled-booknlp-quotes,-0.05754245786516854,age,60,0,S&S,Mrs. Jennings,-0.042214749999999995,0.015327707865168537
scaled-booknlp-quotes,0.03583473174157292,age,60,0,P,Lady Russell,0.021317125000000006,-0.014517606741573033
scaled-booknlp-quotes,0.0037341502808988514,age,60,0,P&P,Lady Lucas,-0.033391624999999994,-0.037125775280898866
scaled-booknlp-quotes,0.034568806179775424,age,60,0,P&P,Mr. Bennet,0.03204975,-0.002519056179775283
scaled-booknlp-quotes,-0.048256733146067377,age,60,0,P&P,Sir William Lucas,-0.03047725,0.017779483146067428
scaled-booknlp-quotes,0.16735833870967753,rank,new gentle,0,E,Anna Weston,0.1792225,0.011864161290322573
scaled-booknlp-quotes,0.04779445698924745,rank,new gentle,0,E,Augusta Elton,0.053372499999999996,0.005578043010752687
scaled-booknlp-quotes,0.1494461451612903,rank,new gentle,0,E,Mr. Weston,0.1661025,0.01665635483870968
scaled-booknlp-quotes,0.03425246505376345,rank,new gentle,0,E,Mrs. Cole,0.03151225,-0.0027402150537634462
scaled-booknlp-quotes,-0.24041226612903221,rank,new gentle,0,MP,Fanny Price,-0.22433875,0.016073516129032264
scaled-booknlp-quotes,0.024655403100775297,rank,gentle,0,E,Emma Woodhouse,0.03472506976744188,0.010069666666666673
scaled-booknlp-quotes,-0.0030160129198966157,rank,gentle,0,E,Frank Churchill,0.022264209302325578,0.02528022222222224
scaled-booknlp-quotes,0.020578072782084345,rank,gentle,0,E,George Knightley,0.03759272093023257,0.017014648148148154
scaled-booknlp-quotes,-0.01528704995693353,rank,gentle,0,E,Jane Fairfax,0.0029292093023255816,0.018216259259259262
scaled-booknlp-quotes,-0.0036711675279932354,rank,gentle,0,E,Miss Bates,0.008052813953488377,0.01172398148148148
scaled-booknlp-quotes,-0.0012605176571920396,rank,gentle,0,E,Mr. Woodhouse,-0.01476881395348837,-0.013508296296296303
scaled-booknlp-quotes,-0.021890785099052623,rank,gentle,0,MP,Henry Crawford,0.00807441860465116,0.029965203703703702
scaled-booknlp-quotes,-0.01138084582256682,rank,gentle,0,MP,Mary Crawford,0.012203302325581396,0.02358414814814815
scaled-booknlp-quotes,-0.02064639233419474,rank,gentle,0,MP,Mr. Rushworth,-0.014029744186046507,0.00661664814814815
scaled-booknlp-quotes,0.00895892549526267,rank,gentle,0,N,Eleanor Tilney,0.018979906976744183,0.01002098148148148
scaled-booknlp-quotes,-0.026761613695090558,rank,gentle,0,N,General Tilney,-0.01713055813953488,0.009631055555555561
scaled-booknlp-quotes,0.040894323858742476,rank,gentle,0,N,Isabella Thorpe,0.03471295348837209,-0.00618137037037037
scaled-booknlp-quotes,-0.008220051679586504,rank,gentle,0,N,John Thorpe,0.015425837209302328,0.023645888888888886
scaled-booknlp-quotes,0.00633146253229977,rank,gentle,0,N,Mr. Allen,-0.00035709302325581346,-0.006688555555555554
scaled-booknlp-quotes,-0.007955767872523722,rank,gentle,0,N,Mrs. Allen,-0.02464086046511627,-0.01668509259259259
scaled-booknlp-quotes,0.052380062446167,rank,gentle,0,N,Mrs. Thorpe,0.013323488372093026,-0.03905657407407407
scaled-booknlp-quotes,-0.0659749409991387,rank,gentle,0,P,Charles Musgrove,-0.054634255813953495,0.011340685185185191
scaled-booknlp-quotes,-0.023063624031007812,rank,gentle,0,P,Henrietta Musgrove,-0.06031979069767442,-0.037256166666666674
scaled-booknlp-quotes,-0.03239358570198103,rank,gentle,0,P,Louisa Musgrove,-0.04647651162790698,-0.014082925925925926
scaled-booknlp-quotes,-0.03589982084409993,rank,gentle,0,P,Mrs. Smith,-0.023745302325581395,0.01215451851851852
scaled-booknlp-quotes,-0.025136503875968996,rank,gentle,0,P,William Elliot,-0.029687837209302324,-0.004551333333333334
scaled-booknlp-quotes,0.04912144573643418,rank,gentle,0,P&P,Caroline Bingley,0.020114279069767437,-0.029007166666666664
scaled-booknlp-quotes,0.029411578380706405,rank,gentle,0,P&P,Charles Bingley,0.016997930232558137,-0.01241364814814815
scaled-booknlp-quotes,0.059146349698535716,rank,gentle,0,P&P,Charlotte Lucas,0.04302053488372091,-0.01612581481481482
scaled-booknlp-quotes,0.05230625538329026,rank,gentle,0,P&P,Elizabeth Bennet,0.05098016279069767,-0.0013260925925925953
scaled-booknlp-quotes,0.07417720198105082,rank,gentle,0,P&P,Fitzwilliam Darcy,0.051575627906976736,-0.022601574074074076
scaled-booknlp-quotes,0.022720337639965504,rank,gentle,0,P&P,Georgiana Darcy,0.00215793023255814,-0.020562407407407404
scaled-booknlp-quotes,0.06231572222222215,rank,gentle,0,P&P,Jane Bennet,0.04692499999999999,-0.015390722222222222
scaled-booknlp-quotes,0.016330664513350523,rank,gentle,0,P&P,Lydia Bennet,-0.0005994651162790715,-0.016930129629629635
scaled-booknlp-quotes,0.04676753273040479,rank,gentle,0,P&P,Mary Bennet,0.008842069767441863,-0.037925462962962966
scaled-booknlp-quotes,0.07349111369509043,rank,gentle,0,P&P,Mr. Bennet,0.04124455813953488,-0.03224655555555556
scaled-booknlp-quotes,0.03561455254091306,rank,gentle,0,P&P,Mrs. Bennet,0.026578348837209307,-0.009036203703703703
scaled-booknlp-quotes,-0.025575410422049916,rank,gentle,0,P&P,Mrs. Hurst,-0.0382346511627907,-0.01265924074074074
scaled-booknlp-quotes,0.03286527476313528,rank,gentle,0,P&P,Mr. Hurst,-0.0027846511627907,-0.03564992592592592
scaled-booknlp-quotes,-0.006331362187769307,rank,gentle,0,S&S,Charlotte Palmer,-2.1232558139533204e-05,0.006310129629629628
scaled-booknlp-quotes,-0.01105530749354,rank,gentle,0,S&S,Elinor Dashwood,0.013642581395348833,0.024697888888888877
scaled-booknlp-quotes,-0.029971226528854422,rank,gentle,0,S&S,Fanny Dashwood,-0.03872993023255812,-0.008758703703703703
scaled-booknlp-quotes,-0.026208751076657988,rank,gentle,0,S&S,John Dashwood,-0.01869823255813954,0.0075105185185185205
scaled-booknlp-quotes,0.010275025409129945,rank,gentle,0,S&S,John Willoughby,0.009283488372093028,-0.0009915370370370284
scaled-booknlp-quotes,-0.0001190202411714969,rank,gentle,0,S&S,Margaret Dashwood,-0.020734372093023257,-0.020615351851851853
scaled-booknlp-quotes,0.004302376830318533,rank,gentle,0,S&S,Marianne Dashwood,0.009607395348837209,0.0053050185185185275
scaled-booknlp-quotes,-0.020891853143841566,rank,gentle,0,S&S,Mrs. Dashwood,-0.007663279069767445,0.013228574074074073
scaled-booknlp-quotes,0.027350149870801088,rank,gentle,0,S&S,Robert Ferrars,0.0042183720930232625,-0.02313177777777778
scaled-booknlp-quotes,-0.010497060292851024,rank,gentle,0,S&S,Thomas Palmer,-0.011349023255813953,-0.0008519629629629661
scaled-booknlp-quotes,-0.004807334920635009,rank,profession,0,E,Harriet Smith,0.009829142857142856,0.014636477777777785
scaled-booknlp-quotes,0.061883269841269906,rank,profession,0,E,Isabella Knightley,0.03436571428571429,-0.027517555555555538
scaled-booknlp-quotes,0.06736114444444452,rank,profession,0,P,Mr. Shepherd,0.044534,-0.02282714444444444
scaled-booknlp-quotes,0.11022731269841257,rank,profession,0,P,Mrs. Clay,0.09326885714285714,-0.01695845555555556
scaled-booknlp-quotes,0.009812133333333417,rank,profession,0,P&P,Mr. Gardiner,0.011341000000000006,0.0015288666666666655
scaled-booknlp-quotes,-0.038268785714285825,rank,profession,0,P&P,Mrs. Gardiner,-0.025674285714285715,0.012594499999999993
scaled-booknlp-quotes,0.01684774920634924,rank,profession,0,S&S,Lucy Steele,0.020028571428571427,0.0031808222222222183
scaled-booknlp-quotes,0.023332877777777705,rank,profession,0,S&S,Mrs. Jennings,0.032231,0.008898122222222225
scaled-booknlp-quotes,-0.09650367816091954,rank,clergy,0,E,Philip Elton,-0.07787200000000001,0.01863167816091954
scaled-booknlp-quotes,0.03677237701149427,rank,clergy,0,MP,Dr. Grant,0.016670400000000002,-0.020101977011494247
scaled-booknlp-quotes,0.05695626781609198,rank,clergy,0,MP,Edmund Bertram,0.0607009,0.0037446321839080467
scaled-booknlp-quotes,0.009365290804597581,rank,clergy,0,MP,Mrs. Grant,0.0189039,0.009538609195402298
scaled-booknlp-quotes,0.0037839425287355954,rank,clergy,0,MP,Mrs. Norris,-0.010533,-0.014316942528735627
scaled-booknlp-quotes,-0.004205828735632133,rank,clergy,0,N,Catherine Morland,0.005087699999999978,0.009293528735632188
scaled-booknlp-quotes,0.04426257011494261,rank,clergy,0,N,Henry Tilney,0.051528799999999986,0.007266229885057467
scaled-booknlp-quotes,0.0073319482758620325,rank,clergy,0,N,James Morland,-0.002926500000000006,-0.010258448275862071
scaled-booknlp-quotes,0.007555547126436801,rank,clergy,0,N,Mrs. Morland,-0.015191200000000002,-0.02274674712643679
scaled-booknlp-quotes,-0.038713970114942486,rank,clergy,0,P&P,William Collins,-0.034492200000000015,0.0042217701149425265
scaled-booknlp-quotes,-0.07228002298850567,rank,clergy,0,S&S,Edward Ferrars,-0.051609,0.02067102298850573
scaled-booknlp-quotes,0.004975459706959784,rank,gentry,0,MP,Julia Bertram,0.007150769230769226,0.002175309523809525
scaled-booknlp-quotes,0.04109457417582407,rank,gentry,0,MP,Lady Bertram,0.032641538461538465,-0.008453035714285715
scaled-booknlp-quotes,0.0776933003663004,rank,gentry,0,MP,Maria Bertram,0.07118853846153847,-0.006504761904761905
scaled-booknlp-quotes,0.0279226309523809,rank,gentry,0,MP,Mr. Yates,0.010735000000000003,-0.017187630952380958
scaled-booknlp-quotes,0.04165294688644683,rank,gentry,0,MP,Sir Thomas Bertram,0.059960923076923085,0.018307976190476197
scaled-booknlp-quotes,0.0004744862637364733,rank,gentry,0,P,Anne Elliot,0.004241307692307689,0.003766821428571428
scaled-booknlp-quotes,-0.003505928571428618,rank,gentry,0,P,Elizabeth Elliot,-0.004771999999999994,-0.001266071428571434
scaled-booknlp-quotes,0.05064387271062276,rank,gentry,0,P,Lady Russell,0.03229438461538462,-0.018349488095238096
scaled-booknlp-quotes,0.044532003663003694,rank,gentry,0,P,Mary Musgrove,0.03158238461538462,-0.01294961904761904
scaled-booknlp-quotes,0.05740902289377292,rank,gentry,0,P,Sir Walter Elliot,0.025378153846153852,-0.03203086904761904
scaled-booknlp-quotes,-0.02638093956043952,rank,gentry,0,P&P,Lady Lucas,-0.05966315384615385,-0.03328221428571428
scaled-booknlp-quotes,-0.03936788553113568,rank,gentry,0,P&P,Sir William Lucas,-0.02029223076923077,0.019075654761904766
scaled-booknlp-quotes,0.010380506410256451,rank,gentry,0,S&S,Lady Middleton,-0.003776076923076928,-0.014156583333333337
scaled-booknlp-quotes,0.03185366849816851,rank,gentry,0,S&S,Sir John Middleton,0.03628169230769231,0.004428023809523812
scaled-booknlp-quotes,0.06823512050739955,rank,soldier,0,MP,Mrs. Price,0.03558481818181818,-0.032650302325581394
scaled-booknlp-quotes,0.08613665644820301,rank,soldier,0,MP,Susan Price,0.04167127272727274,-0.04446538372093025
scaled-booknlp-quotes,0.08413481395348843,rank,soldier,0,MP,William Price,0.064907,-0.019227813953488375
scaled-booknlp-quotes,0.042512405919661767,rank,soldier,0,N,Frederick Tilney,-0.0010024545454545431,-0.043514860465116274
scaled-booknlp-quotes,0.046002762156448274,rank,soldier,0,P,Admiral Croft,0.03297872727272728,-0.013024034883720927
scaled-booknlp-quotes,0.05789739640591951,rank,soldier,0,P,Captain Benwick,0.011646454545454543,-0.046250941860465127
scaled-booknlp-quotes,0.034905747357294015,rank,soldier,0,P,Captain Harville,0.03616236363636363,0.0012566162790697637
scaled-booknlp-quotes,-0.0041153224101478925,rank,soldier,0,P,Mrs. Croft,-0.00021963636363636196,0.0038956860465116263
scaled-booknlp-quotes,0.07126260147991548,rank,soldier,0,P,Mrs. Harville,0.014085636363636366,-0.05717696511627908
scaled-booknlp-quotes,0.11191024841437636,rank,soldier,0,P,Captain Wentworth,0.0959888181818182,-0.015921430232558136
scaled-booknlp-quotes,-0.11135981818181828,rank,soldier,0,P&P,George Wickham,-0.08708481818181818,0.02427499999999999
scaled-booknlp-quotes,-0.050296313953488436,rank,soldier,0,S&S,Colonel Brandon,-0.034221999999999995,0.016074313953488364
scaled-booknlp-quotes,0.14236245833333339,rank,peer,0,P&P,Colonel Fitzwilliam,0.151232,0.008869541666666668
scaled-booknlp-quotes,0.13277848958333327,rank,peer,0,P&P,Lady Catherine de Bourgh,0.151232,0.018453510416666676
scaled-booknlp-quotes,-0.06619721195144723,maritalStatus,M,0,E,Anna Weston,-0.024228529411764708,0.04196868253968252
scaled-booknlp-quotes,-0.017671853408030014,maritalStatus,M,0,E,Augusta Elton,-0.003928647058823528,0.013743206349206363
scaled-booknlp-quotes,0.015750163865546285,maritalStatus,M,0,E,Isabella Knightley,-0.01282226470588235,-0.028572428571428568
scaled-booknlp-quotes,0.021694316993464025,maritalStatus,M,0,E,Mr. Weston,0.03690920588235294,0.015214888888888892
scaled-booknlp-quotes,-0.03462002287581689,maritalStatus,M,0,E,Mrs. Cole,-0.023812911764705885,0.010807111111111092
scaled-booknlp-quotes,0.023203982726423877,maritalStatus,M,0,MP,Dr. Grant,-0.0012403823529411797,-0.024444365079365073
scaled-booknlp-quotes,0.029776261437908458,maritalStatus,M,0,MP,Lady Bertram,0.01639370588235294,-0.013382555555555557
scaled-booknlp-quotes,-0.004567626984127049,maritalStatus,M,0,MP,Mrs. Grant,0.007537500000000001,0.012105126984126982
scaled-booknlp-quotes,0.04402374276377219,maritalStatus,M,0,MP,Mrs. Price,0.0036804411764705873,-0.04034330158730159
scaled-booknlp-quotes,-0.02035506582633051,maritalStatus,M,0,MP,Sir Thomas Bertram,0.010670029411764708,0.031025095238095234
scaled-booknlp-quotes,0.04804745051353876,maritalStatus,M,0,MP,William Price,0.021519323529411764,-0.026528126984126973
scaled-booknlp-quotes,0.011772142857143009,maritalStatus,M,0,N,Mr. Allen,0.0037640000000000026,-0.008008142857142856
scaled-booknlp-quotes,0.021916601774042865,maritalStatus,M,0,N,Mrs. Allen,-0.005977382352941184,-0.027893984126984128
scaled-booknlp-quotes,-0.010688474323062525,maritalStatus,M,0,N,Mrs. Morland,-0.028909823529411762,-0.01822134920634921
scaled-booknlp-quotes,0.030822348272642408,maritalStatus,M,0,P,Admiral Croft,0.012211411764705887,-0.018610936507936524
scaled-booknlp-quotes,-0.03377923109243697,maritalStatus,M,0,P,Captain Harville,-0.01672408823529412,0.01705514285714286
scaled-booknlp-quotes,0.015274823529411674,maritalStatus,M,0,P,Charles Musgrove,-0.007985176470588237,-0.023259999999999992
scaled-booknlp-quotes,-0.005306697012138151,maritalStatus,M,0,P,Mrs. Croft,-1.7617647058826683e-05,0.005289079365079366
scaled-booknlp-quotes,-0.0030413832866479362,maritalStatus,M,0,P,Mrs. Harville,-0.05107097058823529,-0.04802958730158731
scaled-booknlp-quotes,0.013063698879551833,maritalStatus,M,0,P,Sir Walter Elliot,-0.01585220588235294,-0.028915904761904768
scaled-booknlp-quotes,-0.023264044351073765,maritalStatus,M,0,P&P,Colonel Fitzwilliam,-0.004772441176470584,0.01849160317460316
scaled-booknlp-quotes,-0.011334762371615348,maritalStatus,M,0,P&P,Mr. Gardiner,-0.005124794117647057,0.006209968253968254
scaled-booknlp-quotes,-0.027443739028944925,maritalStatus,M,0,P&P,Lady Lucas,-0.05464208823529412,-0.027198349206349205
scaled-booknlp-quotes,-0.014473301120448201,maritalStatus,M,0,P&P,Mr. Bennet,-0.009068205882352938,0.0054050952380952375
scaled-booknlp-quotes,0.014316852007469683,maritalStatus,M,0,P&P,Mrs. Bennet,0.016050264705882358,0.0017334126984126946
scaled-booknlp-quotes,-0.03523741876750697,maritalStatus,M,0,P&P,Mrs. Gardiner,-0.013053323529411765,0.02218409523809525
scaled-booknlp-quotes,0.011749316993464043,maritalStatus,M,0,P&P,Mrs. Hurst,-0.016365794117647065,-0.02811511111111111
scaled-booknlp-quotes,-0.04022517366946776,maritalStatus,M,0,P&P,Mr. Hurst,-0.04720641176470588,-0.0069812380952381
scaled-booknlp-quotes,-0.05050514565826325,maritalStatus,M,0,P&P,Sir William Lucas,-0.019002764705882354,0.03150238095238096
scaled-booknlp-quotes,0.03379815686274523,maritalStatus,M,0,S&S,Charlotte Palmer,0.02545482352941176,-0.008343333333333335
scaled-booknlp-quotes,0.02554365919701207,maritalStatus,M,0,S&S,Fanny Dashwood,-0.005454705882352938,-0.030998365079365084
scaled-booknlp-quotes,0.007888744164332384,maritalStatus,M,0,S&S,John Dashwood,0.0010158235294117652,-0.006872920634920628
scaled-booknlp-quotes,0.027833700280111895,maritalStatus,M,0,S&S,Lady Middleton,0.005312176470588231,-0.022521523809523807
scaled-booknlp-quotes,0.026237981325863635,maritalStatus,M,0,S&S,Sir John Middleton,0.02573823529411764,-0.0004997460317460275
scaled-booknlp-quotes,-0.025629004668534017,maritalStatus,M,0,S&S,Thomas Palmer,-0.02215094117647059,0.003478063492063472
scaled-booknlp-quotes,0.04814345064935077,maritalStatus,S,0,E,Emma Woodhouse,0.0482972142857143,0.00015376363636364126
scaled-booknlp-quotes,0.0019057549783549899,maritalStatus,S,0,E,Frank Churchill,0.025023809523809518,0.023118054545454552
scaled-booknlp-quotes,0.023859428571428642,maritalStatus,S,0,E,George Knightley,0.03966542857142859,0.015806000000000004
scaled-booknlp-quotes,0.05978675281385282,maritalStatus,S,0,E,Harriet Smith,0.048189261904761915,-0.011597490909090914
scaled-booknlp-quotes,-0.04372961904761896,maritalStatus,S,0,E,Jane Fairfax,-0.013355619047619045,0.030374
scaled-booknlp-quotes,-0.07276114372294362,maritalStatus,S,0,E,Miss Bates,-0.031159761904761895,0.041601381818181814
scaled-booknlp-quotes,0.007402934199134181,maritalStatus,S,0,MP,Edmund Bertram,0.013813952380952378,0.006411018181818185
scaled-booknlp-quotes,0.10085738571428582,maritalStatus,S,0,MP,Fanny Price,0.0633467857142857,-0.037510600000000005
scaled-booknlp-quotes,-0.005079681385281365,maritalStatus,S,0,MP,Henry Crawford,0.017380809523809524,0.022460490909090906
scaled-booknlp-quotes,-0.0047804705627705335,maritalStatus,S,0,MP,Julia Bertram,0.00013154761904761843,0.004912018181818181
scaled-booknlp-quotes,0.010750358874458854,maritalStatus,S,0,MP,Mary Crawford,0.024634595238095233,0.013884236363636367
scaled-booknlp-quotes,0.0016465121212121403,maritalStatus,S,0,MP,Mr. Yates,-0.01251183333333333,-0.014158345454545454
scaled-booknlp-quotes,-0.0388177627705627,maritalStatus,S,0,MP,Susan Price,-0.056707380952380954,-0.01788961818181818
scaled-booknlp-quotes,0.1198948805194806,maritalStatus,S,0,N,Catherine Morland,0.07684157142857143,-0.04305330909090911
scaled-booknlp-quotes,0.06641348614718623,maritalStatus,S,0,N,Eleanor Tilney,0.05164959523809523,-0.014763890909090914
scaled-booknlp-quotes,0.05077136926406922,maritalStatus,S,0,N,Frederick Tilney,-0.009905976190476192,-0.060677345454545444
scaled-booknlp-quotes,0.08699967705627698,maritalStatus,S,0,N,Henry Tilney,0.06115909523809525,-0.025840581818181815
scaled-booknlp-quotes,0.06460356493506492,maritalStatus,S,0,N,Isabella Thorpe,0.04857792857142857,-0.016025636363636363
scaled-booknlp-quotes,0.03997030909090904,maritalStatus,S,0,N,James Morland,0.013161000000000008,-0.026809309090909093
scaled-booknlp-quotes,-0.027147563636363614,maritalStatus,S,0,N,John Thorpe,0.004608999999999995,0.03175656363636365
scaled-booknlp-quotes,-0.002227738095238241,maritalStatus,S,0,P,Anne Elliot,0.0025672619047618995,0.0047950000000000015
scaled-booknlp-quotes,0.04047347359307363,maritalStatus,S,0,P,Captain Benwick,-0.016736380952380957,-0.05720985454545455
scaled-booknlp-quotes,-0.08271675411255397,maritalStatus,S,0,P,Elizabeth Elliot,-0.04863719047619047,0.034079563636363636
scaled-booknlp-quotes,-0.0799122367965368,maritalStatus,S,0,P,Henrietta Musgrove,-0.09279130952380951,-0.012879072727272723
scaled-booknlp-quotes,0.006740437662337673,maritalStatus,S,0,P,Louisa Musgrove,-0.024621071428571426,-0.03136150909090909
scaled-booknlp-quotes,-0.061850419913419885,maritalStatus,S,0,P,Mary Musgrove,-0.04205123809523809,0.019799181818181823
scaled-booknlp-quotes,0.035428147619047556,maritalStatus,S,0,P,Captain Wentworth,0.01685754761904761,-0.01857059999999999
scaled-booknlp-quotes,-0.03869650909090916,maritalStatus,S,0,P&P,Caroline Bingley,-0.029173000000000004,0.00952350909090909
scaled-booknlp-quotes,-0.002448931601731652,maritalStatus,S,0,P&P,Charles Bingley,-0.0007640952380952393,0.001684836363636363
scaled-booknlp-quotes,0.117438106060606,maritalStatus,S,0,P&P,Elizabeth Bennet,0.0884498333333333,-0.028988272727272724
scaled-booknlp-quotes,0.09950485367965356,maritalStatus,S,0,P&P,Fitzwilliam Darcy,0.06670138095238096,-0.032803472727272735
scaled-booknlp-quotes,0.04846654069264067,maritalStatus,S,0,P&P,George Wickham,0.039127595238095225,-0.009338945454545451
scaled-booknlp-quotes,0.04015078658008653,maritalStatus,S,0,P&P,Georgiana Darcy,0.012275404761904756,-0.027875381818181826
scaled-booknlp-quotes,0.06570043160173156,maritalStatus,S,0,P&P,Jane Bennet,0.04948659523809524,-0.01621383636363637
scaled-booknlp-quotes,-0.0453552246753246,maritalStatus,S,0,P&P,Lydia Bennet,-0.03540764285714285,0.00994758181818182
scaled-booknlp-quotes,0.04108023419913409,maritalStatus,S,0,P&P,Mary Bennet,0.006099452380952382,-0.034980781818181816
scaled-booknlp-quotes,0.059973691341991264,maritalStatus,S,0,S&S,Colonel Brandon,0.044376309523809505,-0.015597381818181818
scaled-booknlp-quotes,0.05947078744588752,maritalStatus,S,0,S&S,Edward Ferrars,0.04694002380952383,-0.012530763636363634
scaled-booknlp-quotes,0.06872376666666669,maritalStatus,S,0,S&S,Elinor Dashwood,0.058764166666666666,-0.009959599999999999
scaled-booknlp-quotes,0.03181957575757577,maritalStatus,S,0,S&S,Lucy Steele,0.022438666666666676,-0.00938090909090909
scaled-booknlp-quotes,0.02311152077922074,maritalStatus,S,0,S&S,Margaret Dashwood,-0.007563642857142858,-0.030675163636363627
scaled-booknlp-quotes,0.10960236493506492,maritalStatus,S,0,S&S,Marianne Dashwood,0.06935792857142856,-0.040244436363636366
scaled-booknlp-quotes,0.008129958441558394,maritalStatus,S,0,S&S,Robert Ferrars,-0.006397714285714287,-0.01452767272727273
scaled-booknlp-quotes,0.024960776955602504,maritalStatus,W,0,E,Mr. Woodhouse,0.00806309090909091,-0.01689768604651163
scaled-booknlp-quotes,0.06396137949260039,maritalStatus,W,0,MP,Mrs. Norris,0.04278118181818183,-0.02118019767441859
scaled-booknlp-quotes,-0.052992172304439755,maritalStatus,W,0,N,General Tilney,-0.04921509090909091,0.003777081395348834
scaled-booknlp-quotes,-0.04115547885835091,maritalStatus,W,0,N,Mrs. Thorpe,-0.05232490909090908,-0.011169430232558132
scaled-booknlp-quotes,0.07663797885835089,maritalStatus,W,0,P,Lady Russell,0.05638490909090909,-0.020253069767441855
scaled-booknlp-quotes,0.17105328012684984,maritalStatus,W,0,P,Mr. Shepherd,0.13368945454545456,-0.03736382558139534
scaled-booknlp-quotes,0.11650243234672308,maritalStatus,W,0,P,Mrs. Clay,0.09428690909090909,-0.022215523255813944
scaled-booknlp-quotes,0.12909174101479926,maritalStatus,W,0,P,Mrs. Smith,0.11069263636363637,-0.018399104651162793
scaled-booknlp-quotes,0.11956793340380556,maritalStatus,W,0,P,William Elliot,0.09031436363636365,-0.029253569767441853
scaled-booknlp-quotes,-0.041841859408033755,maritalStatus,W,0,P&P,Lady Catherine de Bourgh,-0.017274545454545452,0.024567313953488375
scaled-booknlp-quotes,0.028935365750528463,maritalStatus,W,0,S&S,Mrs. Dashwood,0.029621272727272722,0.0006859069767441876
scaled-booknlp-quotes,-0.022365915433403827,maritalStatus,W,0,S&S,Mrs. Jennings,-0.009247636363636359,0.013118279069767442
scaled-booknlp-quotes,-0.03945775000000007,maritalStatus,C,0,E,Philip Elton,-0.028741,0.01071675
scaled-booknlp-quotes,-0.01925802391304343,maritalStatus,C,0,MP,Maria Bertram,-0.014357599999999998,0.004900423913043482
scaled-booknlp-quotes,-0.006376404347826159,maritalStatus,C,0,MP,Mr. Rushworth,-0.008583600000000002,-0.0022071956521739133
scaled-booknlp-quotes,0.02473658043478255,maritalStatus,C,0,P&P,Charlotte Lucas,0.03355519999999999,0.008818619565217399
scaled-booknlp-quotes,-0.04896564130434777,maritalStatus,C,0,P&P,William Collins,-0.046211000000000016,0.0027546413043478273
scaled-booknlp-quotes,-0.11221104565217388,maritalStatus,C,0,S&S,John Willoughby,-0.10286360000000001,0.009347445652173913
scaled-booknlp-quotes,0.2271034175824176,income,50,0,P&P,Elizabeth Bennet,0.23491700000000004,0.00781358241758243
scaled-booknlp-quotes,0.17591933516483516,income,50,0,P&P,Jane Bennet,0.1772715,0.0013521648351648363
scaled-booknlp-quotes,-0.044442952380952305,income,50,0,P&P,Lydia Bennet,-0.05138466666666666,-0.006941714285714291
scaled-booknlp-quotes,-0.0006461721611721316,income,50,0,P&P,Mary Bennet,-0.01779966666666667,-0.017153494505494506
scaled-booknlp-quotes,0.1650422142857142,income,50,0,S&S,Elinor Dashwood,0.1746305,0.009588285714285716
scaled-booknlp-quotes,0.13936904578754572,income,50,0,S&S,Margaret Dashwood,0.11008016666666666,-0.029288879120879123
scaled-booknlp-quotes,0.20695917399267405,income,50,0,S&S,Marianne Dashwood,0.20136983333333333,-0.005589340659340653
scaled-booknlp-quotes,-0.09665558608058611,income,250,0,E,Miss Bates,-0.08058033333333335,0.016075252747252747
scaled-booknlp-quotes,0.015217835164835103,income,250,0,S&S,Edward Ferrars,0.027495999999999993,0.01227816483516484
scaled-booknlp-quotes,-0.049487875457875474,income,250,0,MP,Mrs. Grant,-0.03592266666666667,0.013565208791208797
scaled-booknlp-quotes,-0.008049157509157467,income,250,0,N,Catherine Morland,0.001308666666666657,0.009357824175824165
scaled-booknlp-quotes,0.034696615384615326,income,250,0,P&P,George Wickham,0.04419700000000001,0.009500384615384626
scaled-booknlp-quotes,-0.016020481684981602,income,250,0,P&P,Mrs. Bennet,-0.008277833333333331,0.007742648351648348
scaled-booknlp-quotes,0.017670166666666764,income,250,0,P,Captain Harville,0.021792166666666668,0.004121999999999998
scaled-booknlp-quotes,0.02230004761904758,income,500,0,E,Augusta Elton,0.028239714285714285,0.005939666666666665
scaled-booknlp-quotes,0.03778783015873022,income,500,0,P,Anne Elliot,0.03889128571428572,0.0011034555555555537
scaled-booknlp-quotes,0.11215025555555547,income,500,0,P,Elizabeth Elliot,0.102321,-0.00982925555555556
scaled-booknlp-quotes,0.11150918095238094,income,500,0,P,Mary Musgrove,0.09648071428571427,-0.015028466666666653
scaled-booknlp-quotes,-0.062736580952381,income,500,0,MP,Lady Bertram,-0.06115471428571428,0.0015818666666666647
scaled-booknlp-quotes,0.05401666984126974,income,500,0,MP,Mrs. Norris,0.036191714285714285,-0.017824955555555553
scaled-booknlp-quotes,-0.16825003492063506,income,500,0,N,James Morland,-0.16561085714285717,0.002639177777777783
scaled-booknlp-quotes,0.026013758730158765,income,500,0,S&S,Mrs. Dashwood,0.028103714285714284,0.0020899555555555552
scaled-booknlp-quotes,0.029944219047619014,income,1000,0,MP,Dr. Grant,0.01147228571428571,-0.01847193333333334
scaled-booknlp-quotes,0.01995902539682537,income,1000,0,MP,Mary Crawford,0.0370577142857143,0.017098688888888883
scaled-booknlp-quotes,-0.04835099523809516,income,1000,0,P&P,Caroline Bingley,-0.05209342857142857,-0.003742433333333334
scaled-booknlp-quotes,0.059852934920634926,income,1000,0,P&P,Mrs. Hurst,0.03153685714285715,-0.028316077777777778
scaled-booknlp-quotes,-0.0025474984126984124,income,1000,0,S&S,Robert Ferrars,-0.01337114285714286,-0.010823644444444445
scaled-booknlp-quotes,0.024774895238095063,income,1000,0,MP,Edmund Bertram,0.03260342857142857,0.007828533333333332
scaled-booknlp-quotes,0.024905566666666767,income,1000,0,P,Captain Benwick,-0.016576999999999998,-0.04148256666666668
scaled-booknlp-quotes,-0.053697136507936394,income,1000,0,S&S,John Willoughby,-0.04625871428571428,0.007438422222222231
scaled-booknlp-quotes,-0.056846619565217416,income,3000,0,E,Emma Woodhouse,-0.032917,0.02392961956521738
scaled-booknlp-quotes,-0.060033852173913105,income,3000,0,P,Sir Walter Elliot,-0.08127619999999999,-0.02124234782608693
scaled-booknlp-quotes,0.0318386739130434,income,3000,0,P&P,Georgiana Darcy,0.019707000000000002,-0.012131673913043484
scaled-booknlp-quotes,0.018296073913043442,income,3000,0,P,Captain Wentworth,0.014122399999999997,-0.004173673913043476
scaled-booknlp-quotes,0.06973055000000006,income,3000,0,S&S,Colonel Brandon,0.07650680000000001,0.006776249999999998
scaled-booknlp-quotes,-0.07034374565217394,income,3000,0,P&P,Mr. Bennet,-0.06638580000000001,0.0039579456521739165
scaled-booknlp-quotes,0.0333820376344085,income,15000,0,MP,Henry Crawford,0.0522665,0.018884462365591395
scaled-booknlp-quotes,0.06611110752688165,income,15000,0,MP,Mr. Rushworth,0.060849,-0.005262107526881722
scaled-booknlp-quotes,0.03965920698924741,income,15000,0,P&P,Charles Bingley,0.03864825,-0.0010109569892473142
scaled-booknlp-quotes,0.011654494623655864,income,15000,0,P&P,Fitzwilliam Darcy,0.021455,0.00980050537634409
scaled-booknlp-quotes,-0.06222076075268812,income,15000,0,S&S,John Dashwood,-0.06376275,-0.0015419892473118257
scaled-booknlp-quotes,0.03449089359267743,gender,F,1,E,Anna Weston,-0.02533486956521739,-0.05982576315789476
scaled-booknlp-quotes,0.0021680389016017765,gender,F,1,E,Augusta Elton,-0.03844993478260871,-0.04061797368421052
scaled-booknlp-quotes,0.04401578604118994,gender,F,1,E,Emma Woodhouse,-0.015560608695652173,-0.05957639473684209
scaled-booknlp-quotes,0.04107833180778031,gender,F,1,E,Harriet Smith,-0.00985582608695653,-0.05093415789473684
scaled-booknlp-quotes,0.048372128146453086,gender,F,1,E,Isabella Knightley,-0.00913660869565217,-0.05750873684210526
scaled-booknlp-quotes,0.019680580091533173,gender,F,1,E,Jane Fairfax,-0.028608630434782602,-0.048289210526315796
scaled-booknlp-quotes,0.06184032379862692,gender,F,1,E,Miss Bates,-0.015444913043478269,-0.07728523684210524
scaled-booknlp-quotes,0.004382893592677406,gender,F,1,E,Mrs. Cole,0.00038063043478261076,-0.004002263157894735
scaled-booknlp-quotes,-0.010726425825825725,gender,F,1,MP,Fanny Price,-0.03790115555555556,-0.02717472972972973
scaled-booknlp-quotes,-0.03510088228228225,gender,F,1,MP,Julia Bertram,-0.05028704444444444,-0.01518616216216216
scaled-booknlp-quotes,0.0076317117117116196,gender,F,1,MP,Lady Bertram,-0.034673666666666665,-0.042305378378378375
scaled-booknlp-quotes,-0.03417718138138137,gender,F,1,MP,Maria Bertram,-0.05834891111111112,-0.02417172972972973
scaled-booknlp-quotes,-0.044258102702702695,gender,F,1,MP,Mary Crawford,-0.0437794,0.00047870270270270436
scaled-booknlp-quotes,0.011376074474474529,gender,F,1,MP,Mrs. Grant,-0.006674844444444445,-0.018050918918918923
scaled-booknlp-quotes,0.00690080000000004,gender,F,1,MP,Mrs. Norris,-0.0579822,-0.06488300000000001
scaled-booknlp-quotes,-0.0039203789789789,gender,F,1,MP,Mrs. Price,-0.05257762222222221,-0.048657243243243255
scaled-booknlp-quotes,-0.0223342168168168,gender,F,1,MP,Susan Price,-0.07384762222222223,-0.05151340540540541
scaled-booknlp-quotes,-0.02128431469298242,gender,F,1,N,Catherine Morland,-0.03067260416666667,-0.009388289473684218
scaled-booknlp-quotes,-0.00976516337719302,gender,F,1,N,Eleanor Tilney,-0.013151479166666667,-0.0033863157894736826
scaled-booknlp-quotes,0.01733160197368422,gender,F,1,N,Isabella Thorpe,-0.0007496874999999957,-0.018081289473684214
scaled-booknlp-quotes,-0.010133326754386052,gender,F,1,N,Mrs. Allen,-0.04689595833333333,-0.03676263157894736
scaled-booknlp-quotes,0.03535476754385969,gender,F,1,N,Mrs. Morland,-0.013788416666666664,-0.049143184210526325
scaled-booknlp-quotes,0.057556847587719284,gender,F,1,N,Mrs. Thorpe,0.0029894791666666733,-0.054567368421052635
scaled-booknlp-quotes,-0.030868911616161676,gender,F,1,P,Anne Elliot,-0.06450252272727272,-0.033633611111111114
scaled-booknlp-quotes,0.01122533333333331,gender,F,1,P,Elizabeth Elliot,-0.0306385,-0.041863833333333336
scaled-booknlp-quotes,0.007953666666666748,gender,F,1,P,Henrietta Musgrove,-0.07728425,-0.08523791666666666
scaled-booknlp-quotes,-0.02620724494949489,gender,F,1,P,Lady Russell,-0.05656352272727272,-0.03035627777777778
scaled-booknlp-quotes,0.013795785353535317,gender,F,1,P,Louisa Musgrove,-0.05434590909090909,-0.06814169444444446
scaled-booknlp-quotes,0.03900410353535355,gender,F,1,P,Mary Musgrove,-0.042700840909090904,-0.08170494444444446
scaled-booknlp-quotes,0.002135108585858636,gender,F,1,P,Mrs. Clay,-0.04500011363636363,-0.04713522222222221
scaled-booknlp-quotes,-0.036235431818181785,gender,F,1,P,Mrs. Croft,-0.032171931818181815,0.004063499999999999
scaled-booknlp-quotes,0.009521724747474702,gender,F,1,P,Mrs. Harville,-0.07627663636363634,-0.08579836111111111
scaled-booknlp-quotes,-0.024447545454545416,gender,F,1,P,Mrs. Smith,-0.06704704545454546,-0.0425995
scaled-booknlp-quotes,0.008427928571428489,gender,F,1,P&P,Caroline Bingley,-0.06317764285714286,-0.07160557142857141
scaled-booknlp-quotes,0.02272297619047625,gender,F,1,P&P,Charlotte Lucas,-0.0341287380952381,-0.05685171428571429
scaled-booknlp-quotes,-0.007854833333333366,gender,F,1,P&P,Elizabeth Bennet,-0.04982754761904761,-0.04197271428571429
scaled-booknlp-quotes,-0.055715866666666725,gender,F,1,P&P,Georgiana Darcy,-0.058676666666666676,-0.0029607999999999982
scaled-booknlp-quotes,0.04892885714285711,gender,F,1,P&P,Jane Bennet,-0.026006714285714286,-0.07493557142857143
scaled-booknlp-quotes,0.009059547619047592,gender,F,1,P&P,Lady Catherine de Bourgh,-0.01929959523809524,-0.028359142857142847
scaled-booknlp-quotes,0.02641406666666668,gender,F,1,P&P,Lady Lucas,-0.037124047619047626,-0.06353811428571429
scaled-booknlp-quotes,-0.012394938095238062,gender,F,1,P&P,Lydia Bennet,-0.03331030952380953,-0.020915371428571434
scaled-booknlp-quotes,-0.04889230476190476,gender,F,1,P&P,Mary Bennet,-0.06509476190476188,-0.016202457142857146
scaled-booknlp-quotes,0.03240878095238098,gender,F,1,P&P,Mrs. Bennet,-0.029966761904761906,-0.062375542857142856
scaled-booknlp-quotes,0.02188494285714282,gender,F,1,P&P,Mrs. Gardiner,-0.033350142857142856,-0.05523508571428571
scaled-booknlp-quotes,-0.04315701428571428,gender,F,1,P&P,Mrs. Hurst,-0.044469928571428584,-0.0013129142857142863
scaled-booknlp-quotes,0.014356661111111113,gender,F,1,S&S,Charlotte Palmer,-0.013434755555555553,-0.027791416666666666
scaled-booknlp-quotes,-0.0006980611111111479,gender,F,1,S&S,Elinor Dashwood,-0.039579866666666665,-0.038881805555555565
scaled-booknlp-quotes,0.03428470555555552,gender,F,1,S&S,Fanny Dashwood,-0.00617793333333333,-0.040462638888888874
scaled-booknlp-quotes,-0.0056867444444445026,gender,F,1,S&S,Lady Middleton,-0.04742713333333333,-0.041740388888888896
scaled-booknlp-quotes,0.039959377777777805,gender,F,1,S&S,Lucy Steele,-0.023947955555555556,-0.06390733333333336
scaled-booknlp-quotes,0.04203222777777782,gender,F,1,S&S,Margaret Dashwood,-0.03521502222222222,-0.07724725
scaled-booknlp-quotes,0.009255555555555461,gender,F,1,S&S,Marianne Dashwood,-0.04025722222222223,-0.04951277777777777
scaled-booknlp-quotes,-0.00042128888888892657,gender,F,1,S&S,Mrs. Dashwood,-0.021952177777777773,-0.021530888888888895
scaled-booknlp-quotes,-0.03129405555555553,gender,F,1,S&S,Mrs. Jennings,-0.03559744444444445,-0.004303388888888887
scaled-booknlp-quotes,0.036710795859689394,gender,M,1,E,Frank Churchill,0.011553540540540539,-0.02515725531914894
scaled-booknlp-quotes,-0.0026478067855089105,gender,M,1,E,George Knightley,-0.026057891891891893,-0.02341008510638298
scaled-booknlp-quotes,0.005085779183438777,gender,M,1,E,Mr. Weston,-0.00860883783783784,-0.0136946170212766
scaled-booknlp-quotes,-0.05391231684876363,gender,M,1,E,Mr. Woodhouse,-0.08913918918918919,-0.03522687234042553
scaled-booknlp-quotes,-0.020677830362277105,gender,M,1,E,Philip Elton,-0.05589070270270268,-0.03521287234042554
scaled-booknlp-quotes,0.030487108206686875,gender,M,1,MP,Dr. Grant,-0.010493742857142854,-0.04098085106382979
scaled-booknlp-quotes,0.049050709422492456,gender,M,1,MP,Edmund Bertram,-0.013908971428571431,-0.06295968085106382
scaled-booknlp-quotes,0.036962782370820624,gender,M,1,MP,Henry Crawford,0.003648314285714284,-0.03331446808510639
scaled-booknlp-quotes,0.08261221337386015,gender,M,1,MP,Mr. Rushworth,0.012214085714285715,-0.0703981276595745
scaled-booknlp-quotes,0.04837868571428572,gender,M,1,MP,Mr. Yates,-0.018015314285714287,-0.06639399999999998
scaled-booknlp-quotes,0.03729042188449849,gender,M,1,MP,Sir Thomas Bertram,-0.0006105142857142865,-0.037900936170212764
scaled-booknlp-quotes,0.04231646930091182,gender,M,1,MP,William Price,-0.026531828571428565,-0.06884829787234042
scaled-booknlp-quotes,0.02693764777777774,gender,M,1,N,Frederick Tilney,-0.03262247222222222,-0.05956012
scaled-booknlp-quotes,0.06766345444444455,gender,M,1,N,General Tilney,0.030825694444444454,-0.036837760000000004
scaled-booknlp-quotes,0.03886242222222214,gender,M,1,N,Henry Tilney,0.01284822222222223,-0.026014199999999998
scaled-booknlp-quotes,0.006938887777777847,gender,M,1,N,James Morland,-0.027338472222222222,-0.03427736000000001
scaled-booknlp-quotes,0.06365109000000002,gender,M,1,N,John Thorpe,0.04569925,-0.01795184
scaled-booknlp-quotes,-0.010081465555555558,gender,M,1,N,Mr. Allen,-0.02570030555555556,-0.015618840000000002
scaled-booknlp-quotes,0.03981081329923264,gender,M,1,P,Admiral Croft,-0.028190882352941166,-0.0680016956521739
scaled-booknlp-quotes,-0.010829373401534559,gender,M,1,P,Captain Benwick,-0.04597026470588234,-0.035140891304347825
scaled-booknlp-quotes,0.06475254219948834,gender,M,1,P,Captain Harville,0.03244591176470588,-0.0323066304347826
scaled-booknlp-quotes,-0.004692792838874693,gender,M,1,P,Charles Musgrove,-0.08065520588235295,-0.07596241304347827
scaled-booknlp-quotes,0.04647937723785167,gender,M,1,P,Mr. Shepherd,-0.03824497058823529,-0.08472434782608697
scaled-booknlp-quotes,0.019768443734015317,gender,M,1,P,Sir Walter Elliot,-0.06760188235294116,-0.0873703260869565
scaled-booknlp-quotes,0.016622576726342708,gender,M,1,P,William Elliot,-0.04982770588235294,-0.06645028260869566
scaled-booknlp-quotes,0.07193697826086964,gender,M,1,P,Captain Wentworth,0.018471999999999995,-0.05346497826086957
scaled-booknlp-quotes,0.008599825757575785,gender,M,1,P&P,Charles Bingley,-0.02789233333333334,-0.03649215909090909
scaled-booknlp-quotes,0.0700056439393939,gender,M,1,P&P,Colonel Fitzwilliam,0.03279875757575758,-0.037206886363636366
scaled-booknlp-quotes,0.006704848484848536,gender,M,1,P&P,Mr. Gardiner,-0.016700515151515143,-0.023405363636363644
scaled-booknlp-quotes,0.017937492424242474,gender,M,1,P&P,Fitzwilliam Darcy,-0.04227539393939394,-0.06021288636363638
scaled-booknlp-quotes,-0.001708401515151503,gender,M,1,P&P,George Wickham,-0.041191060606060606,-0.03948265909090908
scaled-booknlp-quotes,-0.009310424242424231,gender,M,1,P&P,Mr. Bennet,-0.06152060606060606,-0.052210181818181815
scaled-booknlp-quotes,0.05317586363636362,gender,M,1,P&P,Mr. Hurst,-0.01484036363636363,-0.06801622727272728
scaled-booknlp-quotes,0.01601765909090913,gender,M,1,P&P,Sir William Lucas,-0.01656545454545455,-0.03258311363636363
scaled-booknlp-quotes,-0.06910896212121209,gender,M,1,P&P,William Collins,-0.08032930303030303,-0.01122034090909091
scaled-booknlp-quotes,-0.011158784472049654,gender,M,1,S&S,Colonel Brandon,-0.03199337142857143,-0.020834586956521742
scaled-booknlp-quotes,0.05664171614906821,gender,M,1,S&S,Edward Ferrars,0.004824085714285712,-0.05181763043478261
scaled-booknlp-quotes,0.02679306708074536,gender,M,1,S&S,John Dashwood,0.0050323714285714265,-0.021760695652173926
scaled-booknlp-quotes,0.0336038341614906,gender,M,1,S&S,John Willoughby,-0.025527057142857138,-0.05913089130434783
scaled-booknlp-quotes,-0.007663728571428496,gender,M,1,S&S,Robert Ferrars,-0.023076228571428572,-0.015412499999999997
scaled-booknlp-quotes,0.06946175403726706,gender,M,1,S&S,Sir John Middleton,0.020250971428571445,-0.04921078260869565
scaled-booknlp-quotes,0.042387631677018645,gender,M,1,S&S,Thomas Palmer,-0.013239085714285717,-0.05562671739130434
scaled-booknlp-quotes,0.014162666666666657,age,17,1,E,Harriet Smith,-0.015287833333333339,-0.029450499999999994
scaled-booknlp-quotes,0.15194864166666655,age,17,1,N,Catherine Morland,0.12007966666666665,-0.03186897500000001
scaled-booknlp-quotes,0.08888876315789473,age,17,1,S&S,Marianne Dashwood,0.03903100000000002,-0.04985776315789474
scaled-booknlp-quotes,-0.003023403508771949,age,17,1,MP,Susan Price,-0.06657216666666665,-0.06354876315789475
scaled-booknlp-quotes,0.04668239722222234,age,17,1,P&P,Georgiana Darcy,0.010299799999999998,-0.03638259722222223
scaled-booknlp-quotes,-0.007218486111111089,age,17,1,P&P,Lydia Bennet,-0.034426,-0.027207513888888885
scaled-booknlp-quotes,0.1424125078947368,age,17,1,S&S,Margaret Dashwood,0.07972560000000001,-0.06268690789473684
scaled-booknlp-quotes,-0.007589537982565453,age,20,1,E,Emma Woodhouse,-0.04206818181818182,-0.034478643835616433
scaled-booknlp-quotes,-0.06098428767123287,age,20,1,E,Jane Fairfax,-0.09051,-0.029525712328767106
scaled-booknlp-quotes,0.0038662333333333576,age,20,1,MP,Julia Bertram,-0.0310541,-0.03492033333333334
scaled-booknlp-quotes,0.025124344736842108,age,20,1,N,James Morland,-0.009169799999999997,-0.034294144736842114
scaled-booknlp-quotes,-0.04947817894736839,age,20,1,N,John Thorpe,-0.0350321,0.014446078947368423
scaled-booknlp-quotes,-0.08064512252964429,age,20,1,P,Henrietta Musgrove,-0.15041981818181818,-0.0697746956521739
scaled-booknlp-quotes,0.07937977272727281,age,20,1,P&P,Elizabeth Bennet,0.021782636363636365,-0.05759713636363636
scaled-booknlp-quotes,0.07493795833333328,age,20,1,MP,Fanny Price,0.032737999999999996,-0.04219995833333333
scaled-booknlp-quotes,-0.031724216666666694,age,20,1,MP,William Price,-0.07864179999999998,-0.04691758333333334
scaled-booknlp-quotes,0.01852613947368409,age,20,1,N,Isabella Thorpe,0.007964100000000002,-0.01056203947368421
scaled-booknlp-quotes,0.0016105546772068324,age,20,1,P,Louisa Musgrove,-0.059164909090909094,-0.060775463768115934
scaled-booknlp-quotes,-0.010259045454545479,age,20,1,P&P,Mary Bennet,-0.05166445454545454,-0.04140540909090907
scaled-booknlp-quotes,-0.0012055688405796516,age,20,1,S&S,Elinor Dashwood,-0.04029658333333334,-0.039091014492753616
scaled-booknlp-quotes,-0.023001430119176547,age,24,1,E,Isabella Knightley,-0.05046092307692307,-0.027459492957746474
scaled-booknlp-quotes,0.026854349206349104,age,24,1,N,Eleanor Tilney,0.01364607142857143,-0.013208277777777784
scaled-booknlp-quotes,0.0009494047619047485,age,24,1,P,Mary Musgrove,-0.05946942857142857,-0.06041883333333331
scaled-booknlp-quotes,-0.028703458441558416,age,24,1,S&S,Edward Ferrars,-0.05214827272727273,-0.023444814285714287
scaled-booknlp-quotes,-0.011919563380281772,age,24,1,MP,Edmund Bertram,-0.05234400000000001,-0.04042443661971831
scaled-booknlp-quotes,-0.015218349551856525,age,24,1,MP,Maria Bertram,-0.05610436363636364,-0.040886014084507045
scaled-booknlp-quotes,0.01249258205128212,age,24,1,P&P,Charles Bingley,-0.022260833333333337,-0.03475341538461537
scaled-booknlp-quotes,0.013830507692307648,age,24,1,P&P,Jane Bennet,-0.036572,-0.0504025076923077
scaled-booknlp-quotes,-0.05793788311688308,age,24,1,S&S,Lucy Steele,-0.09177745454545452,-0.03383957142857142
scaled-booknlp-quotes,-0.015121557142857234,age,24,1,S&S,Robert Ferrars,-0.031791999999999994,-0.016670442857142857
scaled-booknlp-quotes,0.05856886673889494,age,24,1,E,Augusta Elton,0.01007392307692308,-0.04849494366197185
scaled-booknlp-quotes,-0.004019430217669595,age,24,1,MP,Henry Crawford,-0.02101790909090909,-0.016998478873239433
scaled-booknlp-quotes,0.03860189999999997,age,24,1,P&P,Caroline Bingley,-0.0344225,-0.07302439999999999
scaled-booknlp-quotes,0.018842433766233846,age,24,1,S&S,Charlotte Palmer,-0.0035319090909090908,-0.022374342857142855
scaled-booknlp-quotes,0.025634090909090856,age,24,1,MP,Mary Crawford,-0.001613909090909092,-0.02724799999999999
scaled-booknlp-quotes,0.019499000000000044,age,27,1,E,Frank Churchill,0.007262142857142857,-0.012236857142857145
scaled-booknlp-quotes,-0.010309682539682563,age,27,1,N,Henry Tilney,-0.018377571428571434,-0.00806788888888889
scaled-booknlp-quotes,-0.04963750600961547,age,27,1,P&P,William Collins,-0.08209561538461539,-0.032458109374999974
scaled-booknlp-quotes,-0.004284083710407227,age,27,1,S&S,John Willoughby,-0.04820723076923077,-0.04392314705882353
scaled-booknlp-quotes,0.00463129072398194,age,27,1,S&S,Thomas Palmer,-0.03342307692307693,-0.03805436764705882
scaled-booknlp-quotes,0.034932900000000044,age,27,1,E,Philip Elton,-0.015210214285714285,-0.05014311428571428
scaled-booknlp-quotes,0.0017142401960784648,age,27,1,P,William Elliot,-0.05792858333333333,-0.05964282352941179
scaled-booknlp-quotes,0.005894202380952396,age,27,1,N,Frederick Tilney,-0.04334921428571429,-0.04924341666666668
scaled-booknlp-quotes,0.009253838235294132,age,27,1,P,Anne Elliot,-0.04274575,-0.05199958823529412
scaled-booknlp-quotes,-0.05255400600961535,age,27,1,P&P,Charlotte Lucas,-0.08813861538461537,-0.035584609375000006
scaled-booknlp-quotes,0.006455987394958007,age,27,1,MP,Mr. Rushworth,-0.029783071428571433,-0.0362390588235294
scaled-booknlp-quotes,0.012661493697479043,age,27,1,MP,Mr. Yates,-0.035244785714285715,-0.0479062794117647
scaled-booknlp-quotes,0.029342215144230854,age,27,1,P&P,Mrs. Hurst,-0.00046476923076923973,-0.029806984375000015
scaled-booknlp-quotes,-0.03643006674208149,age,27,1,S&S,Fanny Dashwood,-0.051998846153846166,-0.015568779411764707
scaled-booknlp-quotes,-0.02675125490196084,age,27,1,P,Charles Musgrove,-0.10069541666666669,-0.07394416176470589
scaled-booknlp-quotes,-0.01763569117647057,age,27,1,P,Mrs. Clay,-0.06095125000000001,-0.0433155588235294
scaled-booknlp-quotes,-0.06808442777777779,age,30,1,MP,Mrs. Grant,-0.0715894,-0.0035049722222222236
scaled-booknlp-quotes,-0.069148446183953,age,30,1,P,Elizabeth Elliot,-0.09878785714285714,-0.02963941095890412
scaled-booknlp-quotes,0.023911632093933433,age,30,1,P,Mrs. Smith,-0.034226285714285716,-0.05813791780821917
scaled-booknlp-quotes,-0.016556057142857128,age,30,1,P&P,Colonel Fitzwilliam,-0.022255428571428572,-0.005699371428571426
scaled-booknlp-quotes,-0.04299637142857138,age,30,1,P&P,Fitzwilliam Darcy,-0.09161299999999999,-0.04861662857142858
scaled-booknlp-quotes,-0.046784757142857125,age,30,1,P&P,George Wickham,-0.08274642857142857,-0.035961671428571415
scaled-booknlp-quotes,-0.04776627984344417,age,30,1,P,Mrs. Harville,-0.12414814285714286,-0.07638186301369865
scaled-booknlp-quotes,-0.051290171428571396,age,30,1,P&P,Mr. Hurst,-0.091854,-0.04056382857142858
scaled-booknlp-quotes,-0.006448374999999951,age,30,1,S&S,John Dashwood,-0.015915333333333333,-0.00946695833333334
scaled-booknlp-quotes,-0.036490972222222307,age,30,1,S&S,Lady Middleton,-0.07733611111111112,-0.04084513888888888
scaled-booknlp-quotes,-0.010129999999999972,age,30,1,P,Captain Benwick,-0.048987,-0.038856999999999996
scaled-booknlp-quotes,0.04122836363636362,age,40,1,E,George Knightley,0.013216285714285717,-0.028012077922077917
scaled-booknlp-quotes,0.05249443055555558,age,40,1,P,Mrs. Croft,0.03137900000000002,-0.02111543055555555
scaled-booknlp-quotes,0.06692390277777771,age,40,1,P,Captain Wentworth,0.03733974999999999,-0.029584152777777775
scaled-booknlp-quotes,0.11595417294520549,age,40,1,S&S,Colonel Brandon,0.07884562500000002,-0.03710854794520549
scaled-booknlp-quotes,0.05649313184931504,age,40,1,S&S,Mrs. Dashwood,0.029148625,-0.027344506849315067
scaled-booknlp-quotes,-0.006208636363636333,age,40,1,E,Anna Weston,-0.046629142857142855,-0.04042050649350649
scaled-booknlp-quotes,-0.07455209090909087,age,40,1,E,Miss Bates,-0.11175971428571427,-0.03720762337662339
scaled-booknlp-quotes,0.05905383116883123,age,40,1,E,Mrs. Cole,0.052530571428571426,-0.006523259740259736
scaled-booknlp-quotes,-0.054783989473684236,age,40,1,N,Mrs. Allen,-0.09083219999999999,-0.03604821052631577
scaled-booknlp-quotes,0.06694602226027391,age,40,1,S&S,Sir John Middleton,0.041137625,-0.02580839726027397
scaled-booknlp-quotes,0.04190380555555551,age,40,1,P,Captain Harville,0.032926625,-0.00897718055555556
scaled-booknlp-quotes,-0.010910486111111117,age,50,1,MP,Dr. Grant,-0.037548000000000005,-0.026637513888888877
scaled-booknlp-quotes,0.012286559046587153,age,50,1,E,Mr. Weston,-0.0010693846153846194,-0.013355943661971832
scaled-booknlp-quotes,0.19260760833333324,age,50,1,MP,Mrs. Norris,0.10802290000000003,-0.08458470833333333
scaled-booknlp-quotes,0.02379743283582092,age,50,1,P&P,Mr. Gardiner,0.00017499999999999737,-0.02362243283582089
scaled-booknlp-quotes,0.003585509090909156,age,50,1,N,Mr. Allen,-0.016712090909090913,-0.020297600000000006
scaled-booknlp-quotes,-0.03889720606060598,age,50,1,N,Mrs. Morland,-0.06333227272727272,-0.02443506666666668
scaled-booknlp-quotes,-0.033815118787878795,age,50,1,N,Mrs. Thorpe,-0.05193254545454546,-0.018117426666666665
scaled-booknlp-quotes,0.08087031372549003,age,50,1,P,Admiral Croft,0.01765766666666667,-0.0632126470588235
scaled-booknlp-quotes,-0.02340195277777779,age,50,1,MP,Lady Bertram,-0.0586653,-0.03526334722222221
scaled-booknlp-quotes,0.06169493627450984,age,50,1,P,Mr. Shepherd,-0.012529916666666668,-0.07422485294117649
scaled-booknlp-quotes,-0.0020786880597015722,age,50,1,P&P,Lady Catherine de Bourgh,-0.0252263,-0.0231476119402985
scaled-booknlp-quotes,0.08637598656716428,age,50,1,P&P,Mrs. Bennet,0.030460300000000003,-0.05591568656716419
scaled-booknlp-quotes,0.07967355833333334,age,50,1,MP,Mrs. Price,0.0191486,-0.060524958333333316
scaled-booknlp-quotes,-0.004308846268656685,age,50,1,P&P,Mrs. Gardiner,-0.04704710000000001,-0.042738253731343274
scaled-booknlp-quotes,0.012061082191780814,age,60,1,P,Sir Walter Elliot,-0.06796300000000001,-0.08002408219178081
scaled-booknlp-quotes,-0.05077071710526315,age,60,1,E,Mr. Woodhouse,-0.104909375,-0.05413865789473684
scaled-booknlp-quotes,0.006878212837837849,age,60,1,MP,Sir Thomas Bertram,-0.015777124999999996,-0.022655337837837842
scaled-booknlp-quotes,0.016575698717948617,age,60,1,N,General Tilney,0.00652025,-0.010055448717948712
scaled-booknlp-quotes,-0.022775174657534203,age,60,1,S&S,Mrs. Jennings,-0.042214749999999995,-0.019439575342465754
scaled-booknlp-quotes,0.028802792563600743,age,60,1,P,Lady Russell,-0.01848771428571428,-0.04729050684931505
scaled-booknlp-quotes,-0.056205725352112657,age,60,1,P&P,Lady Lucas,-0.1009565,-0.04475077464788731
scaled-booknlp-quotes,0.03478017370892017,age,60,1,P&P,Mr. Bennet,-0.024130333333333333,-0.05891050704225352
scaled-booknlp-quotes,-0.060520117370892024,age,60,1,P&P,Sir William Lucas,-0.08152266666666667,-0.021002549295774647
scaled-booknlp-quotes,-0.2531943253012048,rank,new gentle,1,E,Anna Weston,-0.291118,-0.03792367469879518
scaled-booknlp-quotes,-0.36505821686746986,rank,new gentle,1,E,Augusta Elton,-0.400143,-0.03508478313253012
scaled-booknlp-quotes,-0.21040739759036142,rank,new gentle,1,E,Mr. Weston,-0.219357,-0.008949602409638555
scaled-booknlp-quotes,0.015044204819277152,rank,new gentle,1,E,Mrs. Cole,0.013263,-0.0017812048192771114
scaled-booknlp-quotes,-0.20108667307692307,rank,new gentle,1,MP,Fanny Price,-0.22433875,-0.023252076923076917
scaled-booknlp-quotes,0.029958804347826162,rank,gentle,1,E,Emma Woodhouse,-0.0190665,-0.04902530434782609
scaled-booknlp-quotes,-0.009090457665903884,rank,gentle,1,E,Frank Churchill,-0.013965131578947371,-0.004874673913043481
scaled-booknlp-quotes,0.019891347826087036,rank,gentle,1,E,George Knightley,-0.013683500000000001,-0.03357484782608696
scaled-booknlp-quotes,-0.017977850114416438,rank,gentle,1,E,Jane Fairfax,-0.04735676315789474,-0.029378913043478255
scaled-booknlp-quotes,0.0006033924485125963,rank,gentle,1,E,Miss Bates,-0.04308986842105262,-0.04369326086956522
scaled-booknlp-quotes,-0.003915724256292941,rank,gentle,1,E,Mr. Woodhouse,-0.06111828947368421,-0.05720256521739128
scaled-booknlp-quotes,0.01754485365853653,rank,gentle,1,MP,Henry Crawford,-0.008765243902439025,-0.026310097560975625
scaled-booknlp-quotes,0.03421021951219505,rank,gentle,1,MP,Mary Crawford,-0.006704170731707318,-0.04091439024390244
scaled-booknlp-quotes,0.023251146341463524,rank,gentle,1,MP,Mr. Rushworth,-0.02351124390243902,-0.04676239024390244
scaled-booknlp-quotes,0.00587587589630445,rank,gentle,1,N,Eleanor Tilney,-0.0054887567567567545,-0.011364632653061223
scaled-booknlp-quotes,-0.018661318808604554,rank,gentle,1,N,General Tilney,-0.019146135135135134,-0.000484816326530611
scaled-booknlp-quotes,0.03246027909542193,rank,gentle,1,N,Isabella Thorpe,0.01008697297297297,-0.02237330612244898
scaled-booknlp-quotes,-0.02672293160507433,rank,gentle,1,N,John Thorpe,-0.006533054054054056,0.02018987755102041
scaled-booknlp-quotes,-0.004399112520683923,rank,gentle,1,N,Mr. Allen,-0.022345459459459458,-0.01794634693877551
scaled-booknlp-quotes,-0.008415318257032567,rank,gentle,1,N,Mrs. Allen,-0.0472132162162162,-0.03879789795918366
scaled-booknlp-quotes,0.0437620843905131,rank,gentle,1,N,Mrs. Thorpe,0.002491594594594595,-0.04127048979591835
scaled-booknlp-quotes,-0.02592734709193245,rank,gentle,1,P,Charles Musgrove,-0.09124461538461538,-0.06531726829268292
scaled-booknlp-quotes,-0.013360820512820504,rank,gentle,1,P,Henrietta Musgrove,-0.08771082051282053,-0.07435
scaled-booknlp-quotes,-0.019236948717948676,rank,gentle,1,P,Louisa Musgrove,-0.07041294871794872,-0.051176
scaled-booknlp-quotes,0.012427234521575903,rank,gentle,1,P,Mrs. Smith,-0.04967669230769232,-0.06210392682926829
scaled-booknlp-quotes,0.005131647904940584,rank,gentle,1,P,William Elliot,-0.05675571794871795,-0.061887365853658526
scaled-booknlp-quotes,0.007917560308555394,rank,gentle,1,P&P,Caroline Bingley,-0.062278548387096774,-0.07019610869565218
scaled-booknlp-quotes,0.006662233520336569,rank,gentle,1,P&P,Charles Bingley,-0.028826483870967742,-0.035488717391304346
scaled-booknlp-quotes,0.029983523141654977,rank,gentle,1,P&P,Charlotte Lucas,-0.02654512903225806,-0.05652865217391306
scaled-booknlp-quotes,0.013695861150070154,rank,gentle,1,P&P,Elizabeth Bennet,-0.038075225806451604,-0.05177108695652173
scaled-booknlp-quotes,0.04246005049088364,rank,gentle,1,P&P,Fitzwilliam Darcy,-0.027159645161290324,-0.06961969565217392
scaled-booknlp-quotes,0.005694460729312789,rank,gentle,1,P&P,Georgiana Darcy,-0.0299493870967742,-0.03564384782608696
scaled-booknlp-quotes,0.03881049579242635,rank,gentle,1,P&P,Jane Bennet,-0.02506161290322581,-0.06387210869565219
scaled-booknlp-quotes,-0.01882068723702668,rank,gentle,1,P&P,Lydia Bennet,-0.03891977419354838,-0.02009908695652174
scaled-booknlp-quotes,0.035224346423562425,rank,gentle,1,P&P,Mary Bennet,-0.021827870967741934,-0.057052217391304345
scaled-booknlp-quotes,0.03582920546984569,rank,gentle,1,P&P,Mr. Bennet,-0.03479590322580645,-0.07062510869565218
scaled-booknlp-quotes,0.016221124824684408,rank,gentle,1,P&P,Mrs. Bennet,-0.03500748387096775,-0.05122860869565218
scaled-booknlp-quotes,-0.04674951753155676,rank,gentle,1,P&P,Mrs. Hurst,-0.0527813870967742,-0.006031869565217389
scaled-booknlp-quotes,0.007102019635343626,rank,gentle,1,P&P,Mr. Hurst,-0.0409838064516129,-0.048085826086956523
scaled-booknlp-quotes,0.008777033792240263,rank,gentle,1,S&S,Charlotte Palmer,-0.014722647058823528,-0.023499680851063832
scaled-booknlp-quotes,-0.03314587984981232,rank,gentle,1,S&S,Elinor Dashwood,-0.058502411764705886,-0.025356531914893617
scaled-booknlp-quotes,-0.02174222841051321,rank,gentle,1,S&S,Fanny Dashwood,-0.03403144117647058,-0.01228921276595745
scaled-booknlp-quotes,-0.042535081351689485,rank,gentle,1,S&S,John Dashwood,-0.03486429411764707,0.00767078723404255
scaled-booknlp-quotes,-0.0015340150187734825,rank,gentle,1,S&S,John Willoughby,-0.04550082352941175,-0.0439668085106383
scaled-booknlp-quotes,-0.00874265644555694,rank,gentle,1,S&S,Margaret Dashwood,-0.05896891176470588,-0.05022625531914893
scaled-booknlp-quotes,-0.021531742177722135,rank,gentle,1,S&S,Marianne Dashwood,-0.05686452941176471,-0.03533278723404256
scaled-booknlp-quotes,-0.04869002753441798,rank,gentle,1,S&S,Mrs. Dashwood,-0.050017176470588225,-0.001327148936170211
scaled-booknlp-quotes,0.024017847309136475,rank,gentle,1,S&S,Robert Ferrars,-0.004787705882352937,-0.02880555319148936
scaled-booknlp-quotes,-0.010709613266583262,rank,gentle,1,S&S,Thomas Palmer,-0.04352529411764706,-0.03281568085106383
scaled-booknlp-quotes,0.022383897435897415,rank,profession,1,E,Harriet Smith,-0.0076538333333333345,-0.030037730769230775
scaled-booknlp-quotes,0.05599074358974354,rank,profession,1,E,Isabella Knightley,0.020972166666666667,-0.03501857692307691
scaled-booknlp-quotes,0.048198319819819924,rank,profession,1,P,Mr. Shepherd,-0.020387166666666665,-0.06858548648648649
scaled-booknlp-quotes,0.0891146801801802,rank,profession,1,P,Mrs. Clay,0.036470166666666665,-0.052644513513513506
scaled-booknlp-quotes,-0.01902855399061032,rank,profession,1,P&P,Mr. Gardiner,-0.038077666666666656,-0.01904911267605634
scaled-booknlp-quotes,-0.041172575117370824,rank,profession,1,P&P,Mrs. Gardiner,-0.08126216666666666,-0.040089591549295776
scaled-booknlp-quotes,0.037794253333333416,rank,profession,1,S&S,Lucy Steele,-0.006713000000000001,-0.04450725333333334
scaled-booknlp-quotes,0.03154911333333332,rank,profession,1,S&S,Mrs. Jennings,0.007523166666666674,-0.024025946666666666
scaled-booknlp-quotes,-0.038084959459459555,rank,clergy,1,E,Philip Elton,-0.07787200000000001,-0.039787040540540525
scaled-booknlp-quotes,0.030545613333333388,rank,clergy,1,MP,Dr. Grant,-3.0000000000000512e-05,-0.030575613333333328
scaled-booknlp-quotes,0.046026805714285635,rank,clergy,1,MP,Edmund Bertram,7.428571428571175e-05,-0.04595252
scaled-booknlp-quotes,-0.018857085714285682,rank,clergy,1,MP,Mrs. Grant,-0.02905528571428571,-0.010198200000000001
scaled-booknlp-quotes,-0.06642268190476186,rank,clergy,1,MP,Mrs. Norris,-0.12184842857142855,-0.05542574666666668
scaled-booknlp-quotes,-0.12337013381555151,rank,clergy,1,N,Catherine Morland,-0.13459628571428572,-0.01122615189873418
scaled-booknlp-quotes,-0.0015894502712477943,rank,clergy,1,N,Henry Tilney,-0.011206285714285714,-0.009616835443037975
scaled-booknlp-quotes,-0.06296926763110311,rank,clergy,1,N,James Morland,-0.08921657142857144,-0.02624730379746836
scaled-booknlp-quotes,-0.010848435804701628,rank,clergy,1,N,Mrs. Morland,-0.03937571428571428,-0.028527278481012667
scaled-booknlp-quotes,0.0072934716417910606,rank,clergy,1,P&P,William Collins,-0.034492200000000015,-0.04178567164179105
scaled-booknlp-quotes,-0.027683957746478915,rank,clergy,1,S&S,Edward Ferrars,-0.051609,-0.02392504225352113
scaled-booknlp-quotes,-0.051438016742770154,rank,gentry,1,MP,Julia Bertram,-0.08024122222222224,-0.028803205479452056
scaled-booknlp-quotes,-0.021236103500761105,rank,gentry,1,MP,Lady Bertram,-0.05702255555555555,-0.03578645205479451
scaled-booknlp-quotes,-0.018123310502283108,rank,gentry,1,MP,Maria Bertram,-0.059061666666666665,-0.04093835616438357
scaled-booknlp-quotes,-0.029903659056316645,rank,gentry,1,MP,Mr. Yates,-0.0723661111111111,-0.042462452054794514
scaled-booknlp-quotes,-0.040067592085236026,rank,gentry,1,MP,Sir Thomas Bertram,-0.057654222222222225,-0.0175866301369863
scaled-booknlp-quotes,-0.09692236463223791,rank,gentry,1,P,Anne Elliot,-0.13663011111111112,-0.03970774647887323
scaled-booknlp-quotes,-0.11141106729264472,rank,gentry,1,P,Elizabeth Elliot,-0.1345672222222222,-0.02315615492957747
scaled-booknlp-quotes,-0.020692787167449156,rank,gentry,1,P,Lady Russell,-0.06313511111111111,-0.04244232394366196
scaled-booknlp-quotes,-0.047754968701095524,rank,gentry,1,P,Mary Musgrove,-0.10263522222222221,-0.05488025352112673
scaled-booknlp-quotes,-0.02707597652582161,rank,gentry,1,P,Sir Walter Elliot,-0.10299866666666666,-0.07592269014084504
scaled-booknlp-quotes,-0.027387093589743672,rank,gentry,1,P&P,Lady Lucas,-0.07224941666666668,-0.04486232307692307
scaled-booknlp-quotes,-0.0045953371794871245,rank,gentry,1,P&P,Sir William Lucas,-0.029597583333333333,-0.02500224615384615
scaled-booknlp-quotes,0.019495300724637676,rank,gentry,1,S&S,Lady Middleton,-0.02829258333333334,-0.047787884057971006
scaled-booknlp-quotes,0.040264956521739004,rank,gentry,1,S&S,Sir John Middleton,0.015103333333333335,-0.025161623188405795
scaled-booknlp-quotes,0.022219009132420142,rank,soldier,1,MP,Mrs. Price,-0.03102833333333334,-0.05324734246575342
scaled-booknlp-quotes,0.05160831506849317,rank,soldier,1,MP,Susan Price,-0.017825999999999995,-0.06943431506849315
scaled-booknlp-quotes,0.07393485844748848,rank,soldier,1,MP,William Price,0.015033666666666676,-0.05890119178082192
scaled-booknlp-quotes,0.054216052121212166,rank,soldier,1,N,Frederick Tilney,-0.0010024545454545431,-0.05521850666666668
scaled-booknlp-quotes,0.03199542342342343,rank,soldier,1,P,Admiral Croft,-0.02148633333333333,-0.05348175675675676
scaled-booknlp-quotes,0.060515180180180206,rank,soldier,1,P,Captain Benwick,0.016233166666666663,-0.044282013513513525
scaled-booknlp-quotes,-0.01372057657657666,rank,soldier,1,P,Captain Harville,-0.017478333333333332,-0.003757756756756759
scaled-booknlp-quotes,-0.04642307657657663,rank,soldier,1,P,Mrs. Croft,-0.05880733333333332,-0.012384256756756746
scaled-booknlp-quotes,0.10779684234234244,rank,soldier,1,P,Mrs. Harville,0.01915066666666667,-0.08864617567567569
scaled-booknlp-quotes,0.08154370720720716,rank,soldier,1,P,Captain Wentworth,0.05253616666666666,-0.029007540540540538
scaled-booknlp-quotes,-0.054681651515151586,rank,soldier,1,P&P,George Wickham,-0.08708481818181818,-0.032403166666666657
scaled-booknlp-quotes,-0.00991175714285708,rank,soldier,1,S&S,Colonel Brandon,-0.034221999999999995,-0.02431024285714286
scaled-booknlp-quotes,-0.027017532467532468,rank,peer,1,P&P,Colonel Fitzwilliam,-0.034221999999999995,-0.007204467532467527
scaled-booknlp-quotes,-0.010804428571428604,rank,peer,1,P&P,Lady Catherine de Bourgh,-0.034221999999999995,-0.02341757142857142
scaled-booknlp-quotes,-0.0323073444444445,maritalStatus,M,1,E,Anna Weston,-0.06170690000000001,-0.029399555555555554
scaled-booknlp-quotes,0.025123696296296294,maritalStatus,M,1,E,Augusta Elton,-0.023279766666666656,-0.048403462962962954
scaled-booknlp-quotes,0.028331288888888917,maritalStatus,M,1,E,Isabella Knightley,-0.012806266666666661,-0.04113755555555555
scaled-booknlp-quotes,0.03703749629629627,maritalStatus,M,1,E,Mr. Weston,0.01235536666666667,-0.02468212962962962
scaled-booknlp-quotes,-0.04415147777777784,maritalStatus,M,1,E,Mrs. Cole,-0.029985200000000007,0.014166277777777762
scaled-booknlp-quotes,0.03683489980481458,maritalStatus,M,1,MP,Dr. Grant,-0.004160137931034481,-0.04099503773584907
scaled-booknlp-quotes,0.04052945087833437,maritalStatus,M,1,MP,Lady Bertram,-0.01192137931034483,-0.052450830188679236
scaled-booknlp-quotes,0.006767565387117758,maritalStatus,M,1,MP,Mrs. Grant,-0.007433793103448278,-0.014201358490566043
scaled-booknlp-quotes,0.05607143201040987,maritalStatus,M,1,MP,Mrs. Price,-0.014567379310344828,-0.07063881132075471
scaled-booknlp-quotes,0.0051965959661678385,maritalStatus,M,1,MP,Sir Thomas Bertram,-0.01862551724137931,-0.023822113207547162
scaled-booknlp-quotes,0.06850389459986983,maritalStatus,M,1,MP,William Price,-0.006509482758620693,-0.07501337735849058
scaled-booknlp-quotes,0.024250936342592566,maritalStatus,M,1,N,Mr. Allen,-0.004611656249999999,-0.02886259259259259
scaled-booknlp-quotes,0.043833082175925964,maritalStatus,M,1,N,Mrs. Allen,-0.014895343750000001,-0.05872842592592594
scaled-booknlp-quotes,-0.010624070601851887,maritalStatus,M,1,N,Mrs. Morland,-0.03608121875,-0.025457148148148152
scaled-booknlp-quotes,0.02656751318458417,maritalStatus,M,1,P,Admiral Croft,-0.0341453103448276,-0.06071282352941177
scaled-booknlp-quotes,-0.02865956997971597,maritalStatus,M,1,P,Captain Harville,-0.02305727586206897,0.005602294117647046
scaled-booknlp-quotes,0.032940941176470506,maritalStatus,M,1,P,Charles Musgrove,-0.056956999999999994,-0.08989794117647058
scaled-booknlp-quotes,-0.0036950027045301592,maritalStatus,M,1,P,Mrs. Croft,-0.018221551724137933,-0.014526549019607838
scaled-booknlp-quotes,0.014179903313049413,maritalStatus,M,1,P,Mrs. Harville,-0.07152172413793104,-0.08570162745098038
scaled-booknlp-quotes,0.05149384110885735,maritalStatus,M,1,P,Sir Walter Elliot,-0.04614141379310345,-0.09763525490196076
scaled-booknlp-quotes,-0.011885631975867339,maritalStatus,M,1,P&P,Colonel Fitzwilliam,-0.015076769230769229,-0.0031911372549019586
scaled-booknlp-quotes,0.0030763582202111284,maritalStatus,M,1,P&P,Mr. Gardiner,-0.018494269230769227,-0.021570627450980404
scaled-booknlp-quotes,-0.027300478883861223,maritalStatus,M,1,P&P,Lady Lucas,-0.06721257692307693,-0.039912098039215686
scaled-booknlp-quotes,-0.004690644042232184,maritalStatus,M,1,P&P,Mr. Bennet,-0.05930715384615385,-0.0546165098039216
scaled-booknlp-quotes,0.048286239819004484,maritalStatus,M,1,P&P,Mrs. Bennet,-0.012716230769230768,-0.06100247058823531
scaled-booknlp-quotes,-0.03182666968325798,maritalStatus,M,1,P&P,Mrs. Gardiner,-0.06437784615384617,-0.03255117647058823
scaled-booknlp-quotes,0.02780075716440422,maritalStatus,M,1,P&P,Mrs. Hurst,-0.006439615384615378,-0.03424037254901962
scaled-booknlp-quotes,-0.03648610407239816,maritalStatus,M,1,P&P,Mr. Hurst,-0.06939269230769231,-0.03290658823529412
scaled-booknlp-quotes,-0.03697257390648567,maritalStatus,M,1,P&P,Sir William Lucas,-0.05020673076923077,-0.013234156862745101
scaled-booknlp-quotes,0.028190649204243967,maritalStatus,M,1,S&S,Charlotte Palmer,-0.0017177931034482814,-0.029908442307692303
scaled-booknlp-quotes,0.029827327586206875,maritalStatus,M,1,S&S,Fanny Dashwood,-0.0022671724137931014,-0.032094499999999984
scaled-booknlp-quotes,0.026763081564986635,maritalStatus,M,1,S&S,John Dashwood,0.006997793103448272,-0.01976528846153846
scaled-booknlp-quotes,0.03347448806366049,maritalStatus,M,1,S&S,Lady Middleton,-0.02340989655172414,-0.056884384615384614
scaled-booknlp-quotes,0.040272839522546455,maritalStatus,M,1,S&S,Sir John Middleton,0.006657724137931035,-0.03361511538461538
scaled-booknlp-quotes,-0.005419687002652496,maritalStatus,M,1,S&S,Thomas Palmer,-0.04079037931034482,-0.035370692307692304
scaled-booknlp-quotes,0.0392733059229442,maritalStatus,S,1,E,Emma Woodhouse,-0.013498162162162163,-0.05277146808510639
scaled-booknlp-quotes,-0.004334772857964353,maritalStatus,S,1,E,Frank Churchill,-0.011412432432432434,-0.0070776595744680895
scaled-booknlp-quotes,0.013892126509488234,maritalStatus,S,1,E,George Knightley,-0.016803405405405404,-0.030695531914893614
scaled-booknlp-quotes,0.05466934445083382,maritalStatus,S,1,E,Harriet Smith,0.002149918918918921,-0.05251942553191488
scaled-booknlp-quotes,-0.049570010925819474,maritalStatus,S,1,E,Jane Fairfax,-0.06524735135135135,-0.015677340425531906
scaled-booknlp-quotes,-0.07576229959746983,maritalStatus,S,1,E,Miss Bates,-0.08581110810810812,-0.010048808510638286
scaled-booknlp-quotes,0.011669871980676372,maritalStatus,S,1,MP,Edmund Bertram,-0.035476888888888884,-0.047146760869565235
scaled-booknlp-quotes,0.12691820289855082,maritalStatus,S,1,MP,Fanny Price,0.03813683333333334,-0.0887813695652174
scaled-booknlp-quotes,-0.009261833333333414,maritalStatus,S,1,MP,Henry Crawford,-0.022733333333333335,-0.013471499999999999
scaled-booknlp-quotes,-0.003783077294685966,maritalStatus,S,1,MP,Julia Bertram,-0.036571055555555544,-0.032787978260869564
scaled-booknlp-quotes,0.0018209396135265843,maritalStatus,S,1,MP,Mary Crawford,-0.02278777777777777,-0.02460871739130434
scaled-booknlp-quotes,0.007973172705314058,maritalStatus,S,1,MP,Mr. Yates,-0.04127180555555557,-0.049244978260869585
scaled-booknlp-quotes,-0.02790393840579708,maritalStatus,S,1,MP,Susan Price,-0.07942341666666668,-0.05151947826086957
scaled-booknlp-quotes,0.10123096555555555,maritalStatus,S,1,N,Catherine Morland,0.03758730555555554,-0.06364366000000002
scaled-booknlp-quotes,0.041025584444444374,maritalStatus,S,1,N,Eleanor Tilney,0.015015444444444442,-0.026010139999999998
scaled-booknlp-quotes,0.04696274777777776,maritalStatus,S,1,N,Frederick Tilney,-0.02097997222222222,-0.06794272
scaled-booknlp-quotes,0.051806807777777686,maritalStatus,S,1,N,Henry Tilney,0.020374027777777772,-0.03143277999999999
scaled-booknlp-quotes,0.0465037422222222,maritalStatus,S,1,N,Isabella Thorpe,0.018629222222222228,-0.02787452
scaled-booknlp-quotes,0.037469747777777784,maritalStatus,S,1,N,James Morland,-0.00958797222222222,-0.04705772
scaled-booknlp-quotes,-0.05505021888888895,maritalStatus,S,1,N,John Thorpe,-0.023313138888888894,0.03173708
scaled-booknlp-quotes,0.0351641641414141,maritalStatus,S,1,P,Anne Elliot,-0.031271222222222214,-0.06643538636363634
scaled-booknlp-quotes,0.03633042929292929,maritalStatus,S,1,P,Captain Benwick,-0.01976163888888889,-0.056092068181818194
scaled-booknlp-quotes,-0.05659669696969705,maritalStatus,S,1,P,Elizabeth Elliot,-0.06681808333333333,-0.010221386363636363
scaled-booknlp-quotes,-0.06978376767676764,maritalStatus,S,1,P,Henrietta Musgrove,-0.11924447222222224,-0.049460704545454544
scaled-booknlp-quotes,0.0074832045454544804,maritalStatus,S,1,P,Louisa Musgrove,-0.05643824999999999,-0.06392145454545456
scaled-booknlp-quotes,-0.04730440656565649,maritalStatus,S,1,P,Mary Musgrove,-0.0862701111111111,-0.03896570454545454
scaled-booknlp-quotes,0.044651487373737364,maritalStatus,S,1,P,Captain Wentworth,0.0016665555555555572,-0.042984931818181804
scaled-booknlp-quotes,-0.02780644528043774,maritalStatus,S,1,P&P,Caroline Bingley,-0.08253679411764704,-0.0547303488372093
scaled-booknlp-quotes,-0.004060056087551334,maritalStatus,S,1,P&P,Charles Bingley,-0.03507382352941176,-0.031013767441860473
scaled-booknlp-quotes,0.13674150547195618,maritalStatus,S,1,P&P,Elizabeth Bennet,0.030104970588235292,-0.10663653488372093
scaled-booknlp-quotes,0.11467065663474696,maritalStatus,S,1,P&P,Fitzwilliam Darcy,0.011511470588235293,-0.10315918604651161
scaled-booknlp-quotes,0.0520101429548564,maritalStatus,S,1,P&P,George Wickham,-0.011170205882352943,-0.0631803488372093
scaled-booknlp-quotes,0.03443918604651164,maritalStatus,S,1,P&P,Georgiana Darcy,-0.014119,-0.04855818604651164
scaled-booknlp-quotes,0.08923449589603283,maritalStatus,S,1,P&P,Jane Bennet,0.0015851470588235286,-0.0876493488372093
scaled-booknlp-quotes,-0.04220124623803012,maritalStatus,S,1,P&P,Lydia Bennet,-0.051243176470588236,-0.00904193023255814
scaled-booknlp-quotes,0.040543689466484234,maritalStatus,S,1,P&P,Mary Bennet,-0.020229705882352938,-0.0607733953488372
scaled-booknlp-quotes,0.050696561111111094,maritalStatus,S,1,S&S,Colonel Brandon,0.0025084722222222253,-0.04818808888888889
scaled-booknlp-quotes,0.0581174166666667,maritalStatus,S,1,S&S,Edward Ferrars,0.0049446388888888864,-0.05317277777777776
scaled-booknlp-quotes,0.058056661111111074,maritalStatus,S,1,S&S,Elinor Dashwood,-0.007015916666666659,-0.06507257777777778
scaled-booknlp-quotes,0.025995322222222228,maritalStatus,S,1,S&S,Lucy Steele,-0.027265833333333336,-0.05326115555555556
scaled-booknlp-quotes,0.0173649222222223,maritalStatus,S,1,S&S,Margaret Dashwood,-0.04424883333333333,-0.06161375555555555
scaled-booknlp-quotes,0.10833754444444454,maritalStatus,S,1,S&S,Marianne Dashwood,0.015816722222222235,-0.09252082222222223
scaled-booknlp-quotes,-0.0005355222222221956,maritalStatus,S,1,S&S,Robert Ferrars,-0.01902150000000001,-0.018485977777777777
scaled-booknlp-quotes,0.07713852926525522,maritalStatus,W,1,E,Mr. Woodhouse,0.00806309090909091,-0.06907543835616434
scaled-booknlp-quotes,0.11997080153649164,maritalStatus,W,1,MP,Mrs. Norris,0.04278118181818183,-0.07718961971830984
scaled-booknlp-quotes,-0.05223716578947368,maritalStatus,W,1,N,General Tilney,-0.0546766,-0.0024394342105263146
scaled-booknlp-quotes,-0.040346202631578953,maritalStatus,W,1,N,Mrs. Thorpe,-0.0580974,-0.017751197368421047
scaled-booknlp-quotes,0.021292185909980388,maritalStatus,W,1,P,Lady Russell,-0.025341142857142857,-0.04663332876712327
scaled-booknlp-quotes,0.10136646379647751,maritalStatus,W,1,P,Mr. Shepherd,0.02752628571428572,-0.07384017808219179
scaled-booknlp-quotes,0.054269336594911954,maritalStatus,W,1,P,Mrs. Clay,0.0035598571428571485,-0.05070947945205478
scaled-booknlp-quotes,0.03575225831702544,maritalStatus,W,1,P,Mrs. Smith,-0.023421714285714285,-0.059173972602739724
scaled-booknlp-quotes,0.024301183953033267,maritalStatus,W,1,P,William Elliot,-0.03721085714285714,-0.06151204109589041
scaled-booknlp-quotes,0.007166863636363652,maritalStatus,W,1,P&P,Lady Catherine de Bourgh,-0.017274545454545452,-0.024441409090909087
scaled-booknlp-quotes,0.045778961971830956,maritalStatus,W,1,S&S,Mrs. Dashwood,0.0183623,-0.027416661971830986
scaled-booknlp-quotes,-0.0030854436619718317,maritalStatus,W,1,S&S,Mrs. Jennings,-0.0243935,-0.021308056338028174
scaled-booknlp-quotes,0.01656603797468348,maritalStatus,C,1,E,Philip Elton,-0.028741,-0.04530703797468353
scaled-booknlp-quotes,-0.06044740384615377,maritalStatus,C,1,MP,Maria Bertram,-0.10042625,-0.039978846153846156
scaled-booknlp-quotes,-0.06104998076923085,maritalStatus,C,1,MP,Mr. Rushworth,-0.09320875,-0.03215876923076922
scaled-booknlp-quotes,0.006479986301369922,maritalStatus,C,1,P&P,Charlotte Lucas,-0.038314,-0.04479398630136988
scaled-booknlp-quotes,-0.1025083938356165,maritalStatus,C,1,P&P,William Collins,-0.13802175,-0.035513356164383565
scaled-booknlp-quotes,-0.06208531052631583,maritalStatus,C,1,S&S,John Willoughby,-0.10286360000000001,-0.040778289473684205
scaled-booknlp-quotes,0.22920004054054055,income,50,1,P&P,Elizabeth Bennet,0.17401299999999997,-0.055187040540540536
scaled-booknlp-quotes,0.13763309909909915,income,50,1,P&P,Jane Bennet,0.08402366666666666,-0.053609432432432415
scaled-booknlp-quotes,-0.10808346396396395,income,50,1,P&P,Lydia Bennet,-0.13154866666666667,-0.023465202702702703
scaled-booknlp-quotes,-0.01961905855855861,income,50,1,P&P,Mary Bennet,-0.06172566666666668,-0.04210660810810809
scaled-booknlp-quotes,0.05888054870129866,income,50,1,S&S,Elinor Dashwood,0.016703250000000003,-0.0421772987012987
scaled-booknlp-quotes,0.044874801948051934,income,50,1,S&S,Margaret Dashwood,-0.011237250000000004,-0.05611205194805194
scaled-booknlp-quotes,0.09202078896103905,income,50,1,S&S,Marianne Dashwood,0.04310574999999999,-0.048915038961038965
scaled-booknlp-quotes,-0.04001850000000007,income,250,1,E,Miss Bates,-0.08058033333333335,-0.04056183333333334
scaled-booknlp-quotes,0.05922591999999993,income,250,1,S&S,Edward Ferrars,0.027495999999999993,-0.031729919999999995
scaled-booknlp-quotes,-0.026018508771929794,income,250,1,MP,Mrs. Grant,-0.03592266666666667,-0.009904157894736849
scaled-booknlp-quotes,0.02426981666666661,income,250,1,N,Catherine Morland,0.001308666666666657,-0.022961150000000003
scaled-booknlp-quotes,0.05813203888888896,income,250,1,P&P,George Wickham,0.014142400000000005,-0.04398963888888888
scaled-booknlp-quotes,-0.004416136111111024,income,250,1,P&P,Mrs. Bennet,-0.04882740000000001,-0.04441126388888889
scaled-booknlp-quotes,0.028734018018018115,income,250,1,P,Captain Harville,0.021792166666666668,-0.006941851351351352
scaled-booknlp-quotes,0.07382228571428573,income,500,1,E,Augusta Elton,0.028239714285714285,-0.045582571428571424
scaled-booknlp-quotes,-0.05147550666666667,income,500,1,P,Anne Elliot,-0.09886980000000001,-0.04739429333333333
scaled-booknlp-quotes,0.05323530666666665,income,500,1,P,Elizabeth Elliot,0.014218199999999997,-0.039017106666666676
scaled-booknlp-quotes,0.05658718666666662,income,500,1,P,Mary Musgrove,-0.007202199999999996,-0.06378938666666666
scaled-booknlp-quotes,-0.07046992543859654,income,500,1,MP,Lady Bertram,-0.10343083333333332,-0.032960907894736845
scaled-booknlp-quotes,0.07685986842105264,income,500,1,MP,Mrs. Norris,0.010139999999999996,-0.06671986842105264
scaled-booknlp-quotes,-0.1461326672694394,income,500,1,N,James Morland,-0.16561085714285717,-0.019478189873417723
scaled-booknlp-quotes,0.05458595752895756,income,500,1,S&S,Mrs. Dashwood,0.028103714285714284,-0.02648224324324324
scaled-booknlp-quotes,0.004332859740259765,income,1000,1,MP,Dr. Grant,-0.023899400000000005,-0.02823225974025974
scaled-booknlp-quotes,-0.0411304753246754,income,1000,1,MP,Mary Crawford,-0.062431799999999996,-0.02130132467532467
scaled-booknlp-quotes,-0.013808284037558738,income,1000,1,P&P,Caroline Bingley,-0.07974083333333333,-0.06593254929577463
scaled-booknlp-quotes,0.04628777699530506,income,1000,1,P&P,Mrs. Hurst,0.017827833333333334,-0.028459943661971823
scaled-booknlp-quotes,-0.011313013333333344,income,1000,1,S&S,Robert Ferrars,-0.029199000000000003,-0.017885986666666666
scaled-booknlp-quotes,-0.004046111688311704,income,1000,1,MP,Edmund Bertram,-0.0458228,-0.04177668831168832
scaled-booknlp-quotes,0.025387808219178187,income,1000,1,P,Captain Benwick,-0.016576999999999998,-0.04196480821917809
scaled-booknlp-quotes,-0.024793686666666703,income,1000,1,S&S,John Willoughby,-0.06756783333333333,-0.04277414666666667
scaled-booknlp-quotes,0.002717253164556954,income,3000,1,E,Emma Woodhouse,-0.032917,-0.035634253164556956
scaled-booknlp-quotes,-0.03417264473684212,income,3000,1,P,Sir Walter Elliot,-0.11143275,-0.07726010526315787
scaled-booknlp-quotes,0.05497538698630133,income,3000,1,P&P,Georgiana Darcy,0.018768250000000004,-0.03620713698630138
scaled-booknlp-quotes,0.0323234342105263,income,3000,1,P,Captain Wentworth,0.007815499999999996,-0.024507934210526307
scaled-booknlp-quotes,0.10888433947368426,income,3000,1,S&S,Colonel Brandon,0.07650680000000001,-0.032377539473684214
scaled-booknlp-quotes,-0.0344362842465753,income,3000,1,P&P,Mr. Bennet,-0.08884775,-0.05441146575342467
scaled-booknlp-quotes,0.04423744725738388,income,15000,1,MP,Henry Crawford,0.025081333333333334,-0.019156113924050634
scaled-booknlp-quotes,0.07438280590717306,income,15000,1,MP,Mr. Rushworth,0.03652466666666667,-0.03785813924050632
scaled-booknlp-quotes,0.04539134684684687,income,15000,1,P&P,Charles Bingley,0.01081633333333333,-0.034575013513513504
scaled-booknlp-quotes,0.04205593243243244,income,15000,1,P&P,Fitzwilliam Darcy,-0.012107999999999999,-0.05416393243243243
scaled-booknlp-quotes,-0.056362646103896075,income,15000,1,S&S,John Dashwood,-0.06376275,-0.007400103896103903
