character,Admiral Croft,Anna Weston,Anne Elliot,Augusta Elton,Captain Benwick,Captain Harville,Captain Wentworth,Caroline Bingley,Catherine Morland,Charles Bingley,Charles Musgrove,Charlotte Lucas,Charlotte Palmer,Colonel Brandon,Colonel Fitzwilliam,Dr. Grant,Edmund Bertram,Edward Ferrars,Eleanor Tilney,Elinor Dashwood,Elizabeth Bennet,Elizabeth Elliot,Emma Woodhouse,Fanny Dashwood,Fanny Price,Fitzwilliam Darcy,Frank Churchill,Frederick Tilney,General Tilney,George Knightley,George Wickham,Georgiana Darcy,Harriet Smith,Henrietta Musgrove,Henry Crawford,Henry Tilney,Isabella Knightley,Isabella Thorpe,James Morland,Jane Bennet,Jane Fairfax,John Dashwood,John Thorpe,John Willoughby,Julia Bertram,Lady Bertram,Lady Catherine de Bourgh,Lady Lucas,Lady Middleton,Lady Russell,Louisa Musgrove,Lucy Steele,Lydia Bennet,Margaret Dashwood,Maria Bertram,Marianne Dashwood,Mary Bennet,Mary Crawford,Mary Musgrove,Miss Bates,Mr. Allen,Mr. Bennet,Mr. Gardiner,Mr. Hurst,Mr. Rushworth,Mr. Shepherd,Mr. Weston,Mr. Woodhouse,Mr. Yates,Mrs. Allen,Mrs. Bates,Mrs. Bennet,Mrs. Clay,Mrs. Cole,Mrs. Croft,Mrs. Dashwood,Mrs. Ferrars,Mrs. Gardiner,Mrs. Grant,Mrs. Harville,Mrs. Hurst,Mrs. Jennings,Mrs. Morland,Mrs. Norris,Mrs. Price,Mrs. Smith,Mrs. Thorpe,Philip Elton,Robert Ferrars,Sir John Middleton,Sir Thomas Bertram,Sir Walter Elliot,Sir William Lucas,Susan Price,Thomas Palmer,William Collins,William Elliot,William Price
Admiral Croft,1.0,0.95406,0.963006,0.962929,0.832892,0.944422,0.950947,0.944947,0.936917,0.933528,0.968941,0.940581,0.936843,0.927948,0.928245,0.900536,0.955783,0.936106,0.950623,0.945412,0.942602,0.953111,0.953954,0.903759,0.945874,0.939015,0.959221,0.787826,0.932694,0.955194,0.936471,0.890397,0.9514,0.815317,0.960488,0.949803,0.905519,0.953188,0.908684,0.940784,0.952592,0.938122,0.961039,0.941358,0.94731,0.938475,0.947066,0.743983,0.917829,0.929006,0.94347,0.944493,0.950964,0.902152,0.941013,0.94356,0.862766,0.95865,0.956724,0.952443,0.931917,0.938651,0.937924,0.887468,0.92975,0.929894,0.957468,0.957409,0.919456,0.937486,0.920578,0.95353,0.945126,0.841889,0.957076,0.947618,0.797946,0.941962,0.940357,0.720699,0.877895,0.960517,0.898315,0.958771,0.93683,0.956834,0.915956,0.95661,0.930362,0.948049,0.952002,0.942989,0.933889,0.791457,0.872121,0.9288,0.93116,0.952099
Anna Weston,0.95406,1.0,0.985974,0.9788,0.860508,0.959677,0.973515,0.973368,0.972636,0.963135,0.975197,0.974353,0.962475,0.973211,0.957088,0.925514,0.981683,0.972209,0.980535,0.984623,0.981327,0.977393,0.993386,0.930357,0.978341,0.978203,0.987852,0.816213,0.962326,0.992816,0.973917,0.929991,0.989471,0.825694,0.977789,0.979305,0.943739,0.978667,0.947855,0.979822,0.988259,0.957715,0.967912,0.977881,0.972255,0.971752,0.974787,0.793648,0.95229,0.958781,0.963555,0.981955,0.966623,0.942195,0.971116,0.982065,0.902549,0.98021,0.974858,0.979913,0.9599,0.969561,0.956129,0.925392,0.952782,0.930125,0.985297,0.983755,0.940815,0.959538,0.951676,0.97542,0.949041,0.908459,0.968893,0.980061,0.828709,0.976035,0.965763,0.723246,0.901849,0.978074,0.936047,0.972178,0.949026,0.975846,0.952479,0.988269,0.950861,0.966247,0.979882,0.944734,0.968011,0.798707,0.913476,0.956832,0.955359,0.953027
Anne Elliot,0.963006,0.985974,1.0,0.968049,0.873006,0.973184,0.986402,0.975018,0.980049,0.969533,0.983861,0.974033,0.965509,0.978894,0.965221,0.932175,0.983191,0.980177,0.983448,0.990302,0.985539,0.980761,0.990262,0.927505,0.984147,0.981849,0.988092,0.826996,0.969829,0.988267,0.979418,0.937319,0.986202,0.826772,0.978599,0.982448,0.94511,0.98019,0.95588,0.981799,0.982574,0.960699,0.969523,0.984695,0.97292,0.975877,0.973512,0.808939,0.961266,0.970815,0.971641,0.986423,0.970772,0.945833,0.973868,0.98821,0.911076,0.983508,0.98421,0.969954,0.963123,0.974442,0.952145,0.934391,0.958945,0.940298,0.980751,0.977707,0.946077,0.966165,0.943176,0.975426,0.95911,0.905542,0.97741,0.982763,0.825659,0.976034,0.967582,0.7307,0.903962,0.982097,0.938481,0.968477,0.947367,0.98712,0.957814,0.980293,0.953497,0.97431,0.982593,0.958432,0.970163,0.797155,0.931226,0.955485,0.964317,0.956735
Augusta Elton,0.962929,0.9788,0.968049,1.0,0.830524,0.941048,0.951877,0.965839,0.94797,0.952211,0.967957,0.960151,0.951807,0.946976,0.938985,0.920367,0.969974,0.953892,0.963809,0.960482,0.958263,0.970338,0.976807,0.928797,0.95917,0.956836,0.975019,0.786904,0.947508,0.976509,0.953518,0.918786,0.974561,0.819973,0.973743,0.962374,0.927222,0.968202,0.921245,0.957187,0.97995,0.950866,0.96755,0.955721,0.963795,0.951945,0.966288,0.76378,0.928744,0.940168,0.942999,0.961785,0.957224,0.911826,0.95847,0.960061,0.891575,0.972323,0.961283,0.980376,0.945001,0.955079,0.946934,0.9024,0.934607,0.930113,0.974019,0.976103,0.927768,0.94201,0.946026,0.968441,0.944162,0.870654,0.959057,0.963666,0.819583,0.960344,0.951774,0.710309,0.888474,0.965787,0.912575,0.974423,0.945675,0.962136,0.939771,0.981557,0.938607,0.950732,0.96706,0.940115,0.955948,0.797544,0.881373,0.951359,0.945849,0.949766
Captain Benwick,0.832892,0.860508,0.873006,0.830524,1.0,0.869589,0.882564,0.86532,0.887341,0.851313,0.861914,0.859803,0.863631,0.866228,0.840078,0.824901,0.868848,0.875797,0.872671,0.877432,0.876524,0.845849,0.872871,0.804447,0.886809,0.871544,0.870085,0.790061,0.863198,0.863307,0.865055,0.830919,0.876076,0.733199,0.862919,0.871072,0.84803,0.874147,0.872172,0.867283,0.855003,0.832147,0.853582,0.885295,0.856818,0.871633,0.846859,0.799789,0.868011,0.850778,0.874893,0.875756,0.871102,0.875134,0.864,0.889438,0.812783,0.871713,0.863416,0.830522,0.849088,0.863697,0.810018,0.85966,0.867604,0.8038,0.85458,0.863613,0.850751,0.869203,0.826345,0.856959,0.838934,0.797091,0.855306,0.863673,0.749808,0.863483,0.840267,0.629566,0.821955,0.871251,0.835807,0.844504,0.84349,0.854475,0.848124,0.854434,0.848923,0.874566,0.869834,0.832108,0.852206,0.720912,0.845232,0.8273,0.832047,0.85603
Captain Harville,0.944422,0.959677,0.973184,0.941048,0.869589,1.0,0.973814,0.956831,0.971743,0.951611,0.957766,0.954634,0.952426,0.961446,0.951822,0.915744,0.967087,0.969436,0.966606,0.972773,0.968796,0.952998,0.968703,0.903827,0.968919,0.962311,0.969206,0.828244,0.956392,0.969639,0.959627,0.937652,0.965892,0.782079,0.964319,0.966865,0.925834,0.960107,0.944687,0.958972,0.956797,0.937496,0.959164,0.970824,0.952588,0.959298,0.952839,0.80629,0.953823,0.947434,0.948427,0.964915,0.956286,0.936882,0.9571,0.973631,0.901678,0.968577,0.9568,0.941474,0.944411,0.956298,0.921608,0.927154,0.94705,0.912541,0.964722,0.950693,0.932709,0.948458,0.908594,0.954005,0.941037,0.894581,0.956247,0.959253,0.803098,0.954465,0.944051,0.678203,0.884868,0.970217,0.908188,0.942116,0.929075,0.961311,0.933478,0.956129,0.934623,0.96714,0.966353,0.931313,0.953595,0.776685,0.927004,0.927012,0.932274,0.939371
Captain Wentworth,0.950947,0.973515,0.986402,0.951877,0.882564,0.973814,1.0,0.967562,0.984238,0.966678,0.97296,0.966726,0.962328,0.976836,0.961733,0.925449,0.978419,0.978152,0.978001,0.98535,0.981264,0.964586,0.980833,0.910099,0.984208,0.975045,0.984386,0.837198,0.97159,0.979207,0.971925,0.934307,0.978418,0.810825,0.972427,0.97785,0.935257,0.971526,0.96104,0.973866,0.972352,0.952619,0.967863,0.985752,0.968512,0.978149,0.962988,0.812246,0.965893,0.965208,0.967819,0.978802,0.970821,0.949523,0.973981,0.985341,0.908278,0.978161,0.974221,0.950401,0.957861,0.968445,0.936927,0.941868,0.963308,0.923989,0.97551,0.966794,0.944696,0.966712,0.928761,0.965764,0.944135,0.902138,0.968529,0.976004,0.807427,0.968348,0.962135,0.724196,0.908395,0.979672,0.933289,0.959144,0.947126,0.969452,0.94566,0.967634,0.941856,0.979436,0.97993,0.944105,0.961594,0.804142,0.940108,0.936827,0.94557,0.959733
Caroline Bingley,0.944947,0.973368,0.975018,0.965839,0.86532,0.956831,0.967562,1.0,0.975452,0.977129,0.968165,0.981874,0.964736,0.964776,0.953813,0.931356,0.979621,0.968836,0.977586,0.976125,0.985248,0.967153,0.980248,0.931662,0.97862,0.982166,0.978257,0.824326,0.965673,0.976673,0.978547,0.941236,0.978952,0.815203,0.976975,0.97539,0.940807,0.979263,0.956067,0.982089,0.973124,0.948478,0.969095,0.972853,0.972524,0.973676,0.980844,0.817119,0.956362,0.953709,0.953734,0.975556,0.977855,0.940605,0.971285,0.975523,0.911965,0.979703,0.965511,0.962736,0.959623,0.979892,0.951148,0.943652,0.954779,0.917274,0.968799,0.971706,0.941366,0.965005,0.935799,0.98779,0.944037,0.892933,0.961269,0.970404,0.834627,0.982351,0.959799,0.699188,0.914815,0.974011,0.930398,0.967517,0.949329,0.962034,0.962081,0.974521,0.943868,0.96472,0.978506,0.943389,0.977641,0.804444,0.91683,0.964884,0.947574,0.954424
Catherine Morland,0.936917,0.972636,0.980049,0.94797,0.887341,0.971743,0.984238,0.975452,1.0,0.97325,0.962726,0.972316,0.969664,0.977995,0.965455,0.936372,0.983683,0.98188,0.986657,0.987242,0.99018,0.960045,0.981532,0.913902,0.992506,0.982041,0.982442,0.850145,0.979139,0.979286,0.979452,0.944423,0.980618,0.790629,0.976062,0.989804,0.941166,0.982091,0.973069,0.979804,0.97021,0.948572,0.975428,0.985806,0.974721,0.986156,0.967996,0.829403,0.972178,0.952793,0.960869,0.981852,0.976645,0.954189,0.979553,0.987665,0.909907,0.983512,0.966374,0.949263,0.965814,0.972373,0.933186,0.949846,0.972429,0.909269,0.974213,0.965386,0.952008,0.977417,0.925365,0.970812,0.937746,0.91384,0.960623,0.973749,0.816121,0.975799,0.96241,0.687476,0.920678,0.980718,0.93876,0.959582,0.949491,0.960374,0.955684,0.96529,0.939051,0.980036,0.984971,0.933062,0.970731,0.809023,0.952909,0.938133,0.93529,0.960941
Charles Bingley,0.933528,0.963135,0.969533,0.952211,0.851313,0.951611,0.966678,0.977129,0.97325,1.0,0.95467,0.96917,0.962999,0.961144,0.955092,0.928446,0.971651,0.96556,0.968588,0.969982,0.975578,0.955862,0.970337,0.922174,0.974854,0.972611,0.973443,0.819126,0.962871,0.968754,0.970616,0.939982,0.968873,0.800197,0.968297,0.969598,0.930163,0.971719,0.9528,0.968341,0.966865,0.943287,0.965157,0.969445,0.968116,0.968228,0.962768,0.823694,0.959437,0.947071,0.94414,0.970398,0.96846,0.929095,0.965589,0.9676,0.912879,0.974772,0.953485,0.951153,0.953417,0.97028,0.934817,0.937477,0.953776,0.908445,0.961413,0.958362,0.935815,0.963254,0.92487,0.969872,0.931406,0.887826,0.961398,0.958401,0.797314,0.96532,0.952822,0.678571,0.90503,0.965801,0.926872,0.955854,0.942398,0.954549,0.957514,0.963842,0.925316,0.963795,0.970993,0.925771,0.975354,0.795639,0.919781,0.950899,0.944603,0.946275
Charles Musgrove,0.968941,0.975197,0.983861,0.967957,0.861914,0.957766,0.97296,0.968165,0.962726,0.95467,1.0,0.963054,0.957942,0.958222,0.948154,0.92256,0.974264,0.962961,0.972488,0.973052,0.969646,0.972745,0.977655,0.921908,0.970768,0.964506,0.975782,0.81438,0.952928,0.975945,0.963305,0.917335,0.975129,0.846296,0.972587,0.968632,0.937317,0.972038,0.94112,0.967796,0.971618,0.954636,0.965541,0.967398,0.962378,0.965973,0.967857,0.784062,0.945296,0.959835,0.972596,0.971809,0.967298,0.934861,0.962337,0.970897,0.892097,0.974033,0.9859,0.964967,0.956415,0.962799,0.948448,0.919195,0.945852,0.941318,0.97223,0.973521,0.937928,0.957186,0.935819,0.972573,0.952774,0.879116,0.970538,0.97064,0.822391,0.965159,0.961091,0.745846,0.890259,0.97523,0.926017,0.97137,0.946751,0.974101,0.947809,0.971223,0.944861,0.964454,0.972837,0.95654,0.955378,0.799572,0.905644,0.95106,0.954587,0.956189
Charlotte Lucas,0.940581,0.974353,0.974033,0.960151,0.859803,0.954634,0.966726,0.981874,0.972316,0.96917,0.963054,1.0,0.960843,0.963069,0.95506,0.926647,0.975762,0.96827,0.974889,0.976615,0.985408,0.96093,0.980362,0.917618,0.977531,0.982788,0.97827,0.829049,0.962343,0.978442,0.977931,0.932848,0.978016,0.818991,0.975831,0.972176,0.933067,0.976153,0.95291,0.983862,0.971836,0.945136,0.96755,0.972374,0.969698,0.971113,0.975632,0.818984,0.955013,0.962538,0.952498,0.975156,0.974421,0.941681,0.967767,0.975225,0.913974,0.978938,0.962757,0.959727,0.957926,0.982385,0.952038,0.939528,0.953692,0.910099,0.969737,0.967879,0.936306,0.960886,0.932967,0.984112,0.934584,0.896012,0.963917,0.970895,0.835134,0.981423,0.961622,0.691035,0.896043,0.972262,0.929949,0.962819,0.94067,0.961673,0.962586,0.972021,0.94255,0.965571,0.979051,0.93189,0.972515,0.782721,0.908161,0.963977,0.939571,0.94753
Charlotte Palmer,0.936843,0.962475,0.965509,0.951807,0.863631,0.952426,0.962328,0.964736,0.969664,0.962999,0.957942,0.960843,1.0,0.956314,0.941941,0.925208,0.965545,0.966243,0.963077,0.971841,0.966916,0.956193,0.970496,0.923349,0.972055,0.958997,0.970602,0.805838,0.955385,0.968263,0.958843,0.914266,0.970194,0.789389,0.961481,0.962859,0.942147,0.967368,0.947098,0.96053,0.964264,0.943111,0.962424,0.97033,0.957844,0.966488,0.953097,0.819293,0.965477,0.94425,0.942428,0.973491,0.966729,0.938736,0.958877,0.971598,0.891869,0.969056,0.959916,0.955363,0.946988,0.960712,0.920191,0.92371,0.945594,0.90311,0.968677,0.961922,0.929268,0.958152,0.918796,0.962924,0.933294,0.891976,0.953472,0.960427,0.823494,0.957501,0.949827,0.668602,0.895348,0.977567,0.923092,0.952755,0.93539,0.950698,0.95176,0.960746,0.925401,0.970733,0.968639,0.930072,0.957187,0.78536,0.922385,0.933113,0.929028,0.94262
Colonel Brandon,0.927948,0.973211,0.978894,0.946976,0.866228,0.961446,0.976836,0.964776,0.977995,0.961144,0.958222,0.963069,0.956314,1.0,0.957872,0.918185,0.971941,0.977552,0.973764,0.986954,0.979448,0.962743,0.978725,0.91616,0.975582,0.973358,0.976226,0.816705,0.964592,0.976128,0.970784,0.938796,0.97424,0.799337,0.964843,0.972985,0.935718,0.965739,0.956544,0.974662,0.971034,0.953298,0.954297,0.983282,0.958511,0.969845,0.961329,0.808089,0.95777,0.956113,0.953221,0.980547,0.959316,0.944183,0.96598,0.982788,0.901375,0.969774,0.960568,0.949097,0.956781,0.965463,0.937745,0.931806,0.948419,0.914429,0.969392,0.959914,0.93175,0.954413,0.925896,0.962661,0.9283,0.910167,0.960795,0.977863,0.817651,0.971442,0.954267,0.692622,0.903023,0.973235,0.931702,0.948245,0.938375,0.966579,0.94466,0.962561,0.944783,0.966194,0.972649,0.931831,0.956671,0.791307,0.937603,0.938628,0.943579,0.940652
Colonel Fitzwilliam,0.928245,0.957088,0.965221,0.938985,0.840078,0.951822,0.961733,0.953813,0.965455,0.955092,0.948154,0.95506,0.941941,0.957872,1.0,0.919347,0.966034,0.960351,0.959951,0.968548,0.971302,0.950891,0.96176,0.8966,0.965038,0.965147,0.962498,0.815422,0.961243,0.963432,0.967396,0.93351,0.95633,0.780095,0.957487,0.964345,0.918852,0.954248,0.942065,0.962931,0.954489,0.943987,0.951964,0.96298,0.953384,0.95804,0.958711,0.778315,0.938083,0.944016,0.934926,0.961651,0.94958,0.913465,0.957526,0.963309,0.906657,0.965926,0.945863,0.933058,0.943049,0.955553,0.934312,0.923183,0.946392,0.91358,0.954489,0.944178,0.927822,0.946006,0.906676,0.953656,0.920019,0.883666,0.946927,0.96039,0.789219,0.961532,0.943637,0.678034,0.891591,0.958682,0.914744,0.94443,0.924386,0.951753,0.934609,0.948587,0.924701,0.953809,0.966259,0.922406,0.954613,0.793395,0.920506,0.935475,0.931264,0.932987
Dr. Grant,0.900536,0.925514,0.932175,0.920367,0.824901,0.915744,0.925449,0.931356,0.936372,0.928446,0.92256,0.926647,0.925208,0.918185,0.919347,1.0,0.938881,0.930314,0.932879,0.935062,0.938656,0.921352,0.937224,0.886676,0.944031,0.937164,0.933938,0.779107,0.935904,0.936045,0.930913,0.896187,0.932291,0.765116,0.932619,0.932987,0.908206,0.934307,0.922987,0.930084,0.927078,0.918925,0.927542,0.933593,0.929095,0.935968,0.920112,0.802034,0.930976,0.910383,0.910991,0.938004,0.928098,0.892455,0.930321,0.933635,0.884767,0.943574,0.915369,0.911198,0.920234,0.936085,0.885219,0.902227,0.9188,0.891603,0.924213,0.931578,0.915827,0.926601,0.886775,0.927964,0.907231,0.847202,0.916665,0.922922,0.785543,0.927529,0.920126,0.649104,0.879142,0.933073,0.894101,0.93178,0.909543,0.917337,0.926791,0.926439,0.899233,0.927968,0.93934,0.896929,0.927718,0.762189,0.902276,0.910092,0.899428,0.909768
Edmund Bertram,0.955783,0.981683,0.983191,0.969974,0.868848,0.967087,0.978419,0.979621,0.983683,0.971651,0.974264,0.975762,0.965545,0.971941,0.966034,0.938881,1.0,0.97597,0.985645,0.983984,0.987107,0.970319,0.98579,0.926685,0.991769,0.983776,0.985654,0.834741,0.973831,0.984999,0.978847,0.944865,0.982882,0.817306,0.989309,0.986246,0.942236,0.983695,0.959152,0.98157,0.979508,0.96177,0.977597,0.980789,0.981411,0.986417,0.977031,0.806949,0.95773,0.956842,0.964376,0.981049,0.976765,0.940252,0.986001,0.983359,0.919331,0.991657,0.970842,0.964287,0.964851,0.9755,0.949614,0.938786,0.968479,0.930836,0.978012,0.975087,0.956311,0.969519,0.938992,0.977648,0.949509,0.898483,0.969423,0.979033,0.824055,0.978955,0.970421,0.7132,0.917596,0.980297,0.935987,0.983322,0.960415,0.970552,0.957703,0.978406,0.951928,0.972563,0.992408,0.942327,0.973587,0.821423,0.925226,0.956089,0.951504,0.971555
Edward Ferrars,0.936106,0.972209,0.980177,0.953892,0.875797,0.969436,0.978152,0.968836,0.98188,0.96556,0.962961,0.96827,0.966243,0.977552,0.960351,0.930314,0.97597,1.0,0.976422,0.988787,0.98129,0.962645,0.980817,0.918708,0.980849,0.976174,0.979844,0.828762,0.968667,0.978989,0.974269,0.941484,0.978995,0.800823,0.970678,0.976559,0.937374,0.97102,0.957534,0.972323,0.971073,0.95544,0.965097,0.986453,0.964565,0.974303,0.96403,0.823097,0.965193,0.96037,0.954229,0.983737,0.965943,0.95334,0.969391,0.987084,0.913423,0.978128,0.965885,0.952287,0.956834,0.970903,0.935899,0.943593,0.958013,0.921227,0.972712,0.962201,0.938144,0.95933,0.919667,0.964993,0.938523,0.91398,0.962253,0.977123,0.820672,0.968661,0.955214,0.673346,0.895823,0.980417,0.92567,0.953385,0.933045,0.966465,0.95157,0.96613,0.943552,0.976371,0.977815,0.941135,0.968172,0.785106,0.939811,0.943988,0.94249,0.945343
Eleanor Tilney,0.950623,0.980535,0.983448,0.963809,0.872671,0.966606,0.978001,0.977586,0.986657,0.968588,0.972488,0.974889,0.963077,0.973764,0.959951,0.932879,0.985645,0.976422,1.0,0.984542,0.986961,0.967294,0.985082,0.92222,0.987056,0.982567,0.983253,0.831318,0.972048,0.982908,0.97684,0.938769,0.982117,0.811745,0.981976,0.989839,0.939599,0.987128,0.964545,0.982113,0.976935,0.954728,0.978067,0.980941,0.974965,0.978245,0.974669,0.812757,0.95927,0.9551,0.963525,0.980403,0.973774,0.945126,0.976904,0.984113,0.908526,0.986265,0.971942,0.964663,0.969166,0.97615,0.948278,0.937931,0.963099,0.922425,0.977161,0.973435,0.950296,0.970118,0.933874,0.976866,0.944174,0.901831,0.967263,0.978073,0.827205,0.977378,0.968368,0.71174,0.911813,0.978104,0.942475,0.969835,0.953436,0.969241,0.959563,0.975937,0.949714,0.971242,0.985315,0.937942,0.970561,0.804564,0.926879,0.956174,0.948726,0.96073
Elinor Dashwood,0.945412,0.984623,0.990302,0.960482,0.877432,0.972773,0.98535,0.976125,0.987242,0.969982,0.973052,0.976615,0.971841,0.986954,0.968548,0.935062,0.983984,0.988787,0.984542,1.0,0.990638,0.972889,0.990794,0.926716,0.988139,0.98522,0.988073,0.831616,0.974091,0.988682,0.981642,0.940154,0.987175,0.809202,0.976733,0.984621,0.946435,0.979424,0.965682,0.984883,0.981438,0.962779,0.969621,0.99289,0.972671,0.982293,0.974432,0.816464,0.971255,0.967926,0.965671,0.99304,0.972865,0.960622,0.975191,0.995061,0.911438,0.983147,0.974877,0.963562,0.965064,0.977799,0.947435,0.941114,0.961208,0.928588,0.981718,0.973173,0.946226,0.968158,0.93657,0.975371,0.946473,0.917233,0.972283,0.988597,0.836874,0.979334,0.965865,0.705363,0.910404,0.988119,0.940023,0.964563,0.94626,0.977406,0.958809,0.977098,0.956562,0.981553,0.985702,0.944994,0.970759,0.802147,0.9442,0.954183,0.951134,0.95323
Elizabeth Bennet,0.942602,0.981327,0.985539,0.958263,0.876524,0.968796,0.981264,0.985248,0.99018,0.975578,0.969646,0.985408,0.966916,0.979448,0.971302,0.938656,0.987107,0.98129,0.986961,0.990638,1.0,0.967317,0.988966,0.91811,0.991997,0.994595,0.985261,0.841748,0.975611,0.985992,0.990692,0.947346,0.985904,0.809824,0.98096,0.987434,0.943235,0.985103,0.96769,0.994546,0.977066,0.954639,0.973351,0.987083,0.976629,0.982787,0.983746,0.823041,0.965746,0.963266,0.964062,0.986049,0.979907,0.949831,0.977601,0.989125,0.921542,0.987685,0.970718,0.959785,0.964524,0.985826,0.954299,0.948735,0.968139,0.920376,0.975382,0.971561,0.951797,0.971682,0.934713,0.985315,0.943406,0.912534,0.966683,0.979143,0.829664,0.988692,0.967511,0.703165,0.918171,0.979852,0.941341,0.966924,0.948402,0.970925,0.962258,0.975241,0.952291,0.974771,0.987943,0.937928,0.978228,0.801586,0.939777,0.961798,0.947295,0.956437
Elizabeth Elliot,0.953111,0.977393,0.980761,0.970338,0.845849,0.952998,0.964586,0.967153,0.960045,0.955862,0.972745,0.96093,0.956193,0.962743,0.950891,0.921352,0.970319,0.962645,0.967294,0.972889,0.967317,1.0,0.977971,0.931696,0.96519,0.963394,0.974874,0.791446,0.953987,0.976353,0.96119,0.925532,0.972873,0.818828,0.966721,0.965492,0.939304,0.966494,0.937085,0.964075,0.975922,0.951669,0.956595,0.965942,0.958558,0.959878,0.964968,0.779068,0.941836,0.958295,0.950945,0.972378,0.957054,0.922117,0.960278,0.969889,0.895902,0.968894,0.972814,0.965985,0.950313,0.957925,0.942989,0.909302,0.936888,0.936822,0.971265,0.968859,0.929065,0.947858,0.935705,0.966255,0.949918,0.892431,0.960907,0.969423,0.824952,0.964831,0.953738,0.72166,0.892124,0.970142,0.927637,0.963148,0.939045,0.974004,0.945544,0.974041,0.938157,0.957883,0.969754,0.958384,0.957553,0.788162,0.906983,0.949279,0.961159,0.945528
Emma Woodhouse,0.953954,0.993386,0.990262,0.976807,0.872871,0.968703,0.980833,0.980248,0.981532,0.970337,0.977655,0.980362,0.970496,0.978725,0.96176,0.937224,0.98579,0.980817,0.985082,0.990794,0.988966,0.977971,1.0,0.931698,0.987077,0.985927,0.991427,0.828325,0.969435,0.996316,0.979678,0.938609,0.995601,0.824905,0.981841,0.98379,0.953536,0.985052,0.958686,0.985911,0.988565,0.960438,0.971508,0.986173,0.975101,0.977139,0.977049,0.819957,0.965324,0.965314,0.96875,0.989684,0.974012,0.950495,0.974905,0.990298,0.917324,0.986734,0.977821,0.97809,0.965338,0.979724,0.950104,0.936434,0.959578,0.929763,0.983838,0.986319,0.946734,0.966378,0.949228,0.979961,0.953216,0.908658,0.972286,0.982616,0.840384,0.981445,0.969085,0.712611,0.908221,0.982727,0.94371,0.972473,0.951463,0.978667,0.963525,0.98918,0.956734,0.973874,0.984959,0.945083,0.973933,0.796465,0.929303,0.961082,0.956222,0.954968
Fanny Dashwood,0.903759,0.930357,0.927505,0.928797,0.804447,0.903827,0.910099,0.931662,0.913902,0.922174,0.921908,0.917618,0.923349,0.91616,0.8966,0.886676,0.926685,0.918708,0.92222,0.926716,0.91811,0.931696,0.931698,1.0,0.920361,0.913315,0.927483,0.753296,0.906727,0.930274,0.914241,0.88235,0.930507,0.784705,0.927414,0.917639,0.908092,0.92355,0.904488,0.916066,0.933333,0.911936,0.912429,0.917658,0.9196,0.924624,0.919849,0.789435,0.912221,0.900774,0.903427,0.93143,0.917044,0.886921,0.92124,0.924831,0.858472,0.925157,0.921882,0.929989,0.912428,0.918374,0.899294,0.870602,0.886647,0.886602,0.924867,0.93147,0.877638,0.906179,0.896761,0.927605,0.903517,0.843805,0.916044,0.926563,0.817289,0.92456,0.910219,0.670121,0.841532,0.929806,0.874027,0.92919,0.908697,0.917827,0.925098,0.933607,0.896131,0.912511,0.924375,0.906292,0.917912,0.758176,0.845538,0.913549,0.901234,0.902103
Fanny Price,0.945874,0.978341,0.984147,0.95917,0.886809,0.968919,0.984208,0.97862,0.992506,0.974854,0.970768,0.977531,0.972055,0.975582,0.965038,0.944031,0.991769,0.980849,0.987056,0.988139,0.991997,0.96519,0.987077,0.920361,1.0,0.987686,0.986507,0.844797,0.977854,0.984618,0.982428,0.941504,0.985166,0.811494,0.984304,0.987812,0.945762,0.985547,0.96852,0.985144,0.977473,0.956361,0.975152,0.986809,0.980404,0.989463,0.9746,0.83125,0.970973,0.960585,0.965635,0.986418,0.980432,0.951888,0.98491,0.988661,0.921135,0.991563,0.971935,0.958402,0.966673,0.979242,0.937896,0.949543,0.974038,0.921117,0.975879,0.973435,0.95941,0.9762,0.937071,0.976727,0.943544,0.903585,0.96854,0.978235,0.827336,0.979275,0.969743,0.704271,0.91714,0.981673,0.945609,0.975753,0.957057,0.967244,0.962807,0.973598,0.949953,0.976948,0.992757,0.93516,0.973833,0.816102,0.940792,0.952102,0.944038,0.966151
Fitzwilliam Darcy,0.939015,0.978203,0.981849,0.956836,0.871544,0.962311,0.975045,0.982166,0.982041,0.972611,0.964506,0.982788,0.958997,0.973358,0.965147,0.937164,0.983776,0.976174,0.982567,0.98522,0.994595,0.963394,0.985927,0.913315,0.987686,1.0,0.982734,0.833878,0.96969,0.983776,0.985569,0.942439,0.982816,0.812849,0.977855,0.982152,0.936514,0.981012,0.961683,0.991257,0.975091,0.951185,0.966645,0.982725,0.972784,0.975032,0.978776,0.82458,0.961282,0.960877,0.960138,0.982934,0.972717,0.942069,0.971972,0.983451,0.929637,0.98394,0.963043,0.956813,0.959614,0.983636,0.94859,0.945156,0.964107,0.918332,0.968751,0.96985,0.949626,0.966359,0.936333,0.980385,0.937219,0.903252,0.965325,0.973859,0.831404,0.983028,0.960426,0.702226,0.912524,0.971606,0.937411,0.964023,0.943957,0.969591,0.960517,0.975699,0.956212,0.964251,0.982683,0.930296,0.979257,0.794824,0.930854,0.965911,0.948714,0.948275
Frank Churchill,0.959221,0.987852,0.988092,0.975019,0.870085,0.969206,0.984386,0.978257,0.982442,0.973443,0.975782,0.97827,0.970602,0.976226,0.962498,0.933938,0.985654,0.979844,0.983253,0.988073,0.985261,0.974874,0.991427,0.927483,0.986507,0.982734,1.0,0.829957,0.97298,0.991117,0.975132,0.935634,0.987958,0.815163,0.982926,0.983686,0.942204,0.981931,0.959248,0.979437,0.986969,0.961033,0.978648,0.986096,0.977038,0.979926,0.974341,0.809189,0.965933,0.963382,0.965038,0.98386,0.976508,0.94514,0.978836,0.98704,0.912789,0.985722,0.974426,0.973344,0.965267,0.976076,0.948128,0.937675,0.96589,0.927833,0.986799,0.982878,0.950237,0.971445,0.950414,0.978372,0.949096,0.899674,0.974636,0.982761,0.827888,0.975635,0.967479,0.712887,0.912972,0.985188,0.937899,0.973097,0.953673,0.973949,0.95389,0.985739,0.953191,0.978944,0.987051,0.945241,0.973106,0.806213,0.933386,0.953379,0.950096,0.963107
Frederick Tilney,0.787826,0.816213,0.826996,0.786904,0.790061,0.828244,0.837198,0.824326,0.850145,0.819126,0.81438,0.829049,0.805838,0.816705,0.815422,0.779107,0.834741,0.828762,0.831318,0.831616,0.841748,0.791446,0.828325,0.753296,0.844797,0.833878,0.829957,1.0,0.829808,0.824921,0.83142,0.808278,0.830207,0.723996,0.822518,0.84503,0.799036,0.833239,0.821325,0.832199,0.808605,0.788519,0.821285,0.840723,0.830474,0.833199,0.810303,0.728094,0.818056,0.814293,0.828495,0.829643,0.825917,0.822535,0.825355,0.843677,0.794946,0.831898,0.812074,0.778519,0.811201,0.819619,0.784526,0.839032,0.843923,0.750353,0.806165,0.814451,0.816354,0.845146,0.771458,0.810338,0.78558,0.771853,0.807777,0.822554,0.698663,0.820225,0.800037,0.595951,0.783506,0.820033,0.79727,0.805022,0.803217,0.803962,0.799117,0.810259,0.804535,0.832701,0.827121,0.783295,0.82482,0.681697,0.817909,0.772641,0.785089,0.81554
General Tilney,0.932694,0.962326,0.969829,0.947508,0.863198,0.956392,0.97159,0.965673,0.979139,0.962871,0.952928,0.962343,0.955385,0.964592,0.961243,0.935904,0.973831,0.968667,0.972048,0.974091,0.975611,0.953987,0.969435,0.906727,0.977854,0.96969,0.97298,0.829808,1.0,0.969145,0.971003,0.94014,0.96608,0.785796,0.968634,0.973015,0.93037,0.965958,0.952256,0.966366,0.962383,0.954309,0.963411,0.973202,0.969894,0.973155,0.957449,0.812234,0.956625,0.951678,0.942312,0.967489,0.964452,0.934431,0.971255,0.973321,0.910806,0.979056,0.953219,0.942354,0.947104,0.96295,0.931972,0.942556,0.960501,0.918956,0.966364,0.956442,0.943901,0.959433,0.914682,0.959434,0.934601,0.892478,0.949893,0.969042,0.796995,0.967304,0.955093,0.684338,0.906155,0.968195,0.924079,0.957591,0.94366,0.955102,0.949425,0.960483,0.929687,0.965914,0.97758,0.940029,0.957289,0.819315,0.930268,0.928542,0.933766,0.950279
George Knightley,0.955194,0.992816,0.988267,0.976509,0.863307,0.969639,0.979207,0.976673,0.979286,0.968754,0.975945,0.978442,0.968263,0.976128,0.963432,0.936045,0.984999,0.978989,0.982908,0.988682,0.985992,0.976353,0.996316,0.930274,0.984618,0.983776,0.991117,0.824921,0.969145,1.0,0.97718,0.938431,0.992403,0.817921,0.981968,0.982041,0.946354,0.982341,0.956829,0.982271,0.986367,0.959763,0.972719,0.983787,0.975556,0.975166,0.975318,0.809775,0.963552,0.964441,0.964413,0.986499,0.971654,0.944616,0.974009,0.987406,0.920521,0.985341,0.974275,0.976229,0.965661,0.977275,0.949351,0.935221,0.95933,0.927645,0.985142,0.984696,0.945066,0.964615,0.947069,0.976878,0.948832,0.905386,0.972341,0.981982,0.84111,0.978401,0.968366,0.705968,0.901341,0.981084,0.93654,0.971164,0.948948,0.977638,0.962045,0.9878,0.95621,0.973107,0.984143,0.943017,0.972745,0.797813,0.927331,0.957347,0.954086,0.95381
George Wickham,0.936471,0.973917,0.979418,0.953518,0.865055,0.959627,0.971925,0.978547,0.979452,0.970616,0.963305,0.977931,0.958843,0.970784,0.967396,0.930913,0.978847,0.974269,0.97684,0.981642,0.990692,0.96119,0.979678,0.914241,0.982428,0.985569,0.975132,0.83142,0.971003,0.97718,1.0,0.943106,0.977312,0.811855,0.973733,0.97684,0.939805,0.97416,0.954515,0.985744,0.970584,0.95165,0.964143,0.977626,0.972093,0.974174,0.976914,0.812592,0.954442,0.956808,0.952773,0.976732,0.969443,0.938378,0.969235,0.978748,0.915184,0.981342,0.963037,0.955654,0.953086,0.974114,0.953909,0.946052,0.958869,0.921562,0.968947,0.963575,0.942132,0.962713,0.927493,0.977794,0.943457,0.906258,0.957634,0.972044,0.809289,0.981782,0.956111,0.695112,0.904938,0.971802,0.928418,0.961161,0.941356,0.965951,0.957734,0.96729,0.938244,0.964383,0.978791,0.93997,0.971752,0.799397,0.924395,0.95449,0.948427,0.945798
Georgiana Darcy,0.890397,0.929991,0.937319,0.918786,0.830919,0.937652,0.934307,0.941236,0.944423,0.939982,0.917335,0.932848,0.914266,0.938796,0.93351,0.896187,0.944865,0.941484,0.938769,0.940154,0.947346,0.925532,0.938609,0.88235,0.941504,0.942439,0.935634,0.808278,0.94014,0.938431,0.943106,1.0,0.938054,0.764777,0.937171,0.94018,0.905368,0.930649,0.915059,0.935637,0.933943,0.915138,0.925409,0.940626,0.932864,0.931183,0.926921,0.793421,0.912465,0.916906,0.91088,0.933397,0.926638,0.899879,0.938989,0.942071,0.908142,0.945081,0.914417,0.908067,0.915087,0.933718,0.904392,0.921921,0.926093,0.884405,0.926569,0.919063,0.908362,0.916305,0.878868,0.927037,0.900659,0.867295,0.912359,0.932667,0.773754,0.936002,0.912173,0.645983,0.876373,0.926544,0.884666,0.917654,0.903831,0.926402,0.915228,0.927009,0.90103,0.926207,0.940373,0.901767,0.937505,0.759527,0.903796,0.905221,0.922652,0.904891
Harriet Smith,0.9514,0.989471,0.986202,0.974561,0.876076,0.965892,0.978418,0.978952,0.980618,0.968873,0.975129,0.978016,0.970194,0.97424,0.95633,0.932291,0.982882,0.978995,0.982117,0.987175,0.985904,0.972873,0.995601,0.930507,0.985166,0.982816,0.987958,0.830207,0.96608,0.992403,0.977312,0.938054,1.0,0.823915,0.980121,0.981312,0.949299,0.983283,0.957175,0.982232,0.984678,0.95557,0.970309,0.983203,0.975213,0.977181,0.973758,0.824356,0.963144,0.960809,0.968253,0.986954,0.972237,0.95532,0.974427,0.9878,0.914675,0.984623,0.975337,0.974791,0.963804,0.975204,0.946044,0.941588,0.962473,0.924376,0.979898,0.982571,0.94502,0.967161,0.946769,0.977261,0.951129,0.906227,0.969675,0.979001,0.837096,0.978093,0.965534,0.703245,0.902655,0.980006,0.935768,0.969312,0.946932,0.9742,0.962195,0.987734,0.954257,0.972033,0.981777,0.942369,0.974202,0.795011,0.926994,0.956582,0.951567,0.95248
Henrietta Musgrove,0.815317,0.825694,0.826772,0.819973,0.733199,0.782079,0.810825,0.815203,0.790629,0.800197,0.846296,0.818991,0.789389,0.799337,0.780095,0.765116,0.817306,0.800823,0.811745,0.809202,0.809824,0.818828,0.824905,0.784705,0.811494,0.812849,0.815163,0.723996,0.785796,0.817921,0.811855,0.764777,0.823915,1.0,0.80871,0.805698,0.800236,0.809413,0.774425,0.819632,0.820291,0.803099,0.790513,0.810609,0.813319,0.808229,0.807653,0.676571,0.776338,0.833723,0.838976,0.817901,0.809868,0.789641,0.796435,0.806166,0.747848,0.817457,0.838775,0.810402,0.805265,0.813895,0.824774,0.793079,0.793289,0.808609,0.804855,0.837622,0.796675,0.820429,0.802201,0.824253,0.802336,0.737629,0.809508,0.820679,0.69875,0.812562,0.806908,0.700268,0.719087,0.81025,0.791313,0.836037,0.812167,0.823562,0.810796,0.824294,0.802695,0.789767,0.807593,0.817613,0.798753,0.646699,0.726148,0.82461,0.822899,0.787851
Henry Crawford,0.960488,0.977789,0.978599,0.973743,0.862919,0.964319,0.972427,0.976975,0.976062,0.968297,0.972587,0.975831,0.961481,0.964843,0.957487,0.932619,0.989309,0.970678,0.981976,0.976733,0.98096,0.966721,0.981841,0.927414,0.984304,0.977855,0.982926,0.822518,0.968634,0.981968,0.973733,0.937171,0.980121,0.80871,1.0,0.979992,0.930137,0.984564,0.952227,0.977599,0.976997,0.95718,0.980262,0.973211,0.979634,0.976533,0.976366,0.805788,0.951576,0.951971,0.956659,0.974046,0.976472,0.935657,0.978383,0.976945,0.913678,0.99153,0.966436,0.967533,0.958368,0.973976,0.950737,0.93146,0.962969,0.925768,0.976974,0.971908,0.947996,0.959559,0.935959,0.977773,0.949114,0.888312,0.969504,0.974009,0.822833,0.976321,0.971253,0.700397,0.903197,0.977296,0.92644,0.980682,0.956293,0.968546,0.956233,0.978657,0.952253,0.969804,0.988289,0.937834,0.970224,0.808227,0.906336,0.95523,0.945738,0.967862
Henry Tilney,0.949803,0.979305,0.982448,0.962374,0.871072,0.966865,0.97785,0.97539,0.989804,0.969598,0.968632,0.972176,0.962859,0.972985,0.964345,0.932987,0.986246,0.976559,0.989839,0.984621,0.987434,0.965492,0.98379,0.917639,0.987812,0.982152,0.983686,0.84503,0.973015,0.982041,0.97684,0.94018,0.981312,0.805698,0.979992,1.0,0.937344,0.985583,0.959854,0.979951,0.975817,0.952737,0.978604,0.98055,0.977419,0.979091,0.973359,0.803053,0.958378,0.949707,0.963169,0.979064,0.971276,0.942015,0.9757,0.984653,0.90634,0.984544,0.968263,0.96001,0.965684,0.970849,0.946414,0.93652,0.968456,0.921618,0.977159,0.971329,0.950719,0.971512,0.936694,0.973027,0.941688,0.906744,0.965255,0.977065,0.82057,0.975637,0.963874,0.713093,0.918293,0.978144,0.937872,0.968399,0.954161,0.966688,0.949488,0.974097,0.946513,0.972809,0.98462,0.935945,0.972046,0.813636,0.933184,0.947672,0.943706,0.962967
Isabella Knightley,0.905519,0.943739,0.94511,0.927222,0.84803,0.925834,0.935257,0.940807,0.941166,0.930163,0.937317,0.933067,0.942147,0.935718,0.918852,0.908206,0.942236,0.937374,0.939599,0.946435,0.943235,0.939304,0.953536,0.908092,0.945762,0.936514,0.942204,0.799036,0.93037,0.946354,0.939805,0.905368,0.949299,0.800236,0.930137,0.937344,1.0,0.93778,0.924203,0.936063,0.943484,0.924905,0.921083,0.944331,0.92909,0.941886,0.924426,0.818145,0.937635,0.920273,0.926911,0.95101,0.93527,0.91561,0.931743,0.948952,0.877248,0.943318,0.939368,0.930727,0.920788,0.936883,0.896427,0.89771,0.91011,0.89615,0.93999,0.950951,0.909771,0.928625,0.896303,0.935853,0.927597,0.862094,0.923069,0.939739,0.804341,0.934708,0.919944,0.665308,0.875833,0.94598,0.920668,0.93076,0.92263,0.93144,0.939748,0.939677,0.90493,0.934837,0.939796,0.917356,0.92903,0.76158,0.899098,0.911563,0.921719,0.911294
Isabella Thorpe,0.953188,0.978667,0.98019,0.968202,0.874147,0.960107,0.971526,0.979263,0.982091,0.971719,0.972038,0.976153,0.967368,0.965739,0.954248,0.934307,0.983695,0.97102,0.987128,0.979424,0.985103,0.966494,0.985052,0.92355,0.985547,0.981012,0.981931,0.833239,0.965958,0.982341,0.97416,0.930649,0.983283,0.809413,0.984564,0.985583,0.93778,1.0,0.961593,0.983273,0.975251,0.949378,0.979759,0.975902,0.97442,0.973683,0.975029,0.817361,0.957255,0.950688,0.961438,0.980167,0.977296,0.941147,0.971426,0.981012,0.910452,0.986925,0.970189,0.967103,0.96491,0.976271,0.94575,0.930751,0.962269,0.91536,0.972266,0.975939,0.946141,0.969545,0.937911,0.979544,0.944924,0.890158,0.967855,0.972211,0.836645,0.977257,0.967845,0.702329,0.91201,0.97606,0.942012,0.971743,0.951933,0.964658,0.967553,0.976841,0.952025,0.970579,0.982826,0.930135,0.972631,0.80238,0.916534,0.958906,0.942481,0.960442
James Morland,0.908684,0.947855,0.95588,0.921245,0.872172,0.944687,0.96104,0.956067,0.973069,0.9528,0.94112,0.95291,0.947098,0.956544,0.942065,0.922987,0.959152,0.957534,0.964545,0.965682,0.96769,0.937085,0.958686,0.904488,0.96852,0.961683,0.959248,0.821325,0.952256,0.956829,0.954515,0.915059,0.957175,0.774425,0.952227,0.959854,0.924203,0.961593,1.0,0.957478,0.946725,0.922575,0.948244,0.964577,0.949122,0.963505,0.945531,0.834384,0.959859,0.937689,0.940618,0.962263,0.952312,0.930655,0.954489,0.962654,0.893394,0.957411,0.942463,0.924372,0.950195,0.957192,0.90357,0.929479,0.940509,0.890071,0.945087,0.945955,0.923829,0.957093,0.902222,0.953107,0.914184,0.876704,0.945942,0.948799,0.814343,0.956355,0.938363,0.662516,0.898163,0.957416,0.9229,0.934946,0.926204,0.937843,0.953475,0.94241,0.923453,0.95857,0.962324,0.907278,0.947084,0.793146,0.929893,0.931693,0.914294,0.933357
Jane Bennet,0.940784,0.979822,0.981799,0.957187,0.867283,0.958972,0.973866,0.982089,0.979804,0.968341,0.967796,0.983862,0.96053,0.974662,0.962931,0.930084,0.98157,0.972323,0.982113,0.984883,0.994546,0.964075,0.985911,0.916066,0.985144,0.991257,0.979437,0.832199,0.966366,0.982271,0.985744,0.935637,0.982232,0.819632,0.977599,0.979951,0.936063,0.983273,0.957478,1.0,0.973574,0.952726,0.966932,0.979935,0.972072,0.975286,0.98243,0.811468,0.956003,0.96303,0.960222,0.982621,0.976156,0.945641,0.97089,0.983417,0.914302,0.983028,0.968685,0.960319,0.960017,0.984356,0.958946,0.940878,0.959617,0.9173,0.970064,0.969694,0.943544,0.963683,0.935013,0.985725,0.938491,0.906982,0.963632,0.976726,0.840664,0.987968,0.966269,0.714347,0.907307,0.973472,0.94095,0.966179,0.946146,0.968716,0.96181,0.97392,0.954236,0.965252,0.982128,0.931749,0.971625,0.795445,0.922189,0.964403,0.943725,0.949402
Jane Fairfax,0.952592,0.988259,0.982574,0.97995,0.855003,0.956797,0.972352,0.973124,0.97021,0.966865,0.971618,0.971836,0.964264,0.971034,0.954489,0.927078,0.979508,0.971073,0.976935,0.981438,0.977066,0.975922,0.988565,0.933333,0.977473,0.975091,0.986969,0.808605,0.962383,0.986367,0.970584,0.933943,0.984678,0.820291,0.976997,0.975817,0.943484,0.975251,0.946725,0.973574,1.0,0.95925,0.967507,0.976414,0.969291,0.970287,0.970446,0.799811,0.956593,0.95755,0.956449,0.979447,0.967709,0.936294,0.970445,0.978834,0.906343,0.979932,0.969948,0.980403,0.957305,0.969535,0.949205,0.925282,0.94772,0.933601,0.982525,0.98123,0.940224,0.958348,0.950847,0.97406,0.947179,0.898539,0.969864,0.977583,0.826699,0.971377,0.960463,0.715863,0.901183,0.977905,0.934926,0.973224,0.95223,0.973619,0.952691,0.983645,0.946622,0.965176,0.979541,0.943705,0.966648,0.797617,0.913647,0.958941,0.954829,0.952796
John Dashwood,0.938122,0.957715,0.960699,0.950866,0.832147,0.937496,0.952619,0.948478,0.948572,0.943287,0.954636,0.945136,0.943111,0.953298,0.943987,0.918925,0.96177,0.95544,0.954728,0.962779,0.954639,0.951669,0.960438,0.911936,0.956361,0.951185,0.961033,0.788519,0.954309,0.959763,0.95165,0.915138,0.95557,0.803099,0.95718,0.952737,0.924905,0.949378,0.922575,0.952726,0.95925,1.0,0.949854,0.957716,0.948838,0.956546,0.949433,0.774116,0.933077,0.942068,0.936499,0.961635,0.948951,0.918184,0.952063,0.95818,0.886513,0.963605,0.948726,0.945924,0.935178,0.949109,0.93542,0.912165,0.931624,0.930155,0.960807,0.951452,0.927072,0.935448,0.912326,0.950156,0.929531,0.877563,0.948144,0.966027,0.795938,0.951169,0.939521,0.68926,0.880204,0.961435,0.912173,0.959628,0.938599,0.955452,0.931005,0.954755,0.93947,0.945871,0.962161,0.93118,0.938295,0.804429,0.901545,0.931859,0.932385,0.933894
John Thorpe,0.961039,0.967912,0.969523,0.96755,0.853582,0.959164,0.967863,0.969095,0.975428,0.965157,0.965541,0.96755,0.962424,0.954297,0.951964,0.927542,0.977597,0.965097,0.978067,0.969621,0.973351,0.956595,0.971508,0.912429,0.975152,0.966645,0.978648,0.821285,0.963411,0.972719,0.964143,0.925409,0.970309,0.790513,0.980262,0.978604,0.921083,0.979759,0.948244,0.966932,0.967507,0.949854,1.0,0.969115,0.972104,0.968895,0.968858,0.785063,0.948257,0.939656,0.949056,0.965707,0.975161,0.929642,0.970817,0.969865,0.892202,0.980418,0.961437,0.959774,0.961659,0.96381,0.944593,0.926072,0.960542,0.914607,0.97523,0.96462,0.94166,0.964546,0.926921,0.973418,0.941439,0.87926,0.96093,0.96458,0.808778,0.964601,0.959957,0.692567,0.911293,0.97809,0.919144,0.968489,0.946922,0.956031,0.94476,0.968291,0.934585,0.975373,0.978376,0.931884,0.963615,0.801068,0.916335,0.939232,0.928967,0.966304
John Willoughby,0.941358,0.977881,0.984695,0.955721,0.885295,0.970824,0.985752,0.972853,0.985806,0.969445,0.967398,0.972374,0.97033,0.983282,0.96298,0.933593,0.980789,0.986453,0.980941,0.99289,0.987083,0.965942,0.986173,0.917658,0.986809,0.982725,0.986096,0.840723,0.973202,0.983787,0.977626,0.940626,0.983203,0.810609,0.973211,0.98055,0.944331,0.975902,0.964577,0.979935,0.976414,0.957716,0.969115,1.0,0.969499,0.979212,0.967486,0.826646,0.971928,0.965562,0.963162,0.988196,0.973175,0.956907,0.974081,0.991795,0.91672,0.981693,0.96949,0.955463,0.959291,0.976538,0.938187,0.947503,0.962481,0.921812,0.976706,0.971187,0.948155,0.969598,0.931659,0.97046,0.942561,0.910804,0.967089,0.981843,0.826248,0.973651,0.959353,0.697752,0.912108,0.983671,0.938313,0.961047,0.946838,0.971114,0.956623,0.973072,0.953305,0.981306,0.982113,0.940918,0.967671,0.800245,0.945963,0.946896,0.946545,0.95277
Julia Bertram,0.94731,0.972255,0.97292,0.963795,0.856818,0.952588,0.968512,0.972524,0.974721,0.968116,0.962378,0.969698,0.957844,0.958511,0.953384,0.929095,0.981411,0.964565,0.974965,0.972671,0.976629,0.958558,0.975101,0.9196,0.980404,0.972784,0.977038,0.830474,0.969894,0.975556,0.972093,0.932864,0.975213,0.813319,0.979634,0.977419,0.92909,0.97442,0.949122,0.972072,0.969291,0.948838,0.972104,0.969499,1.0,0.974188,0.967036,0.796316,0.947757,0.947548,0.954012,0.970062,0.968277,0.932617,0.979062,0.972983,0.905632,0.983282,0.96164,0.955884,0.953332,0.964111,0.945262,0.934486,0.967847,0.919542,0.970996,0.966182,0.949196,0.963745,0.935557,0.969713,0.941651,0.887266,0.955824,0.972227,0.812055,0.970582,0.966714,0.708271,0.90707,0.969629,0.92156,0.97401,0.949339,0.957016,0.950384,0.972975,0.936008,0.965792,0.980775,0.938367,0.965719,0.814823,0.912172,0.938805,0.939889,0.959851
Lady Bertram,0.938475,0.971752,0.975877,0.951945,0.871633,0.959298,0.978149,0.973676,0.986156,0.968228,0.965973,0.971113,0.966488,0.969845,0.95804,0.935968,0.986417,0.974303,0.978245,0.982293,0.982787,0.959878,0.977139,0.924624,0.989463,0.975032,0.979926,0.833199,0.973155,0.975166,0.974174,0.931183,0.977181,0.808229,0.976533,0.979091,0.941886,0.973683,0.963505,0.975286,0.970287,0.956546,0.968895,0.979212,0.974188,1.0,0.967813,0.818054,0.96673,0.954196,0.96016,0.978797,0.976425,0.952884,0.982435,0.979688,0.899566,0.981553,0.967724,0.95189,0.963269,0.971359,0.935072,0.941836,0.966145,0.91855,0.975286,0.966101,0.950386,0.974636,0.931152,0.973037,0.938208,0.905306,0.961315,0.975391,0.817538,0.972832,0.966086,0.70254,0.91309,0.980566,0.933853,0.975532,0.955845,0.960815,0.95788,0.965613,0.939767,0.973291,0.987563,0.936399,0.963723,0.828676,0.932715,0.943087,0.932332,0.96621
Lady Catherine de Bourgh,0.947066,0.974787,0.973512,0.966288,0.846859,0.952839,0.962988,0.980844,0.967996,0.962768,0.967857,0.975632,0.953097,0.961329,0.958711,0.920112,0.977031,0.96403,0.974669,0.974432,0.983746,0.964968,0.977049,0.919849,0.9746,0.978776,0.974341,0.810303,0.957449,0.975318,0.976914,0.926921,0.973758,0.807653,0.976366,0.973359,0.924426,0.975029,0.945531,0.98243,0.970446,0.949433,0.968858,0.967486,0.967036,0.967813,1.0,0.773469,0.939012,0.952504,0.950644,0.970464,0.969992,0.928787,0.964715,0.971655,0.898892,0.977185,0.965399,0.963118,0.953687,0.973597,0.959241,0.9239,0.946769,0.918008,0.969115,0.9639,0.934721,0.9522,0.933133,0.986218,0.934807,0.891586,0.961579,0.971318,0.825093,0.9811,0.960483,0.710028,0.900722,0.969988,0.918827,0.968631,0.943043,0.963341,0.947406,0.970048,0.941954,0.95858,0.978449,0.93374,0.965928,0.809319,0.907226,0.967779,0.940972,0.951075
Lady Lucas,0.743983,0.793648,0.808939,0.76378,0.799789,0.80629,0.812246,0.817119,0.829403,0.823694,0.784062,0.818984,0.819293,0.808089,0.778315,0.802034,0.806949,0.823097,0.812757,0.816464,0.823041,0.779068,0.819957,0.789435,0.83125,0.82458,0.809189,0.728094,0.812234,0.809775,0.812592,0.793421,0.824356,0.676571,0.805788,0.803053,0.818145,0.817361,0.834384,0.811468,0.799811,0.774116,0.785063,0.826646,0.796316,0.818054,0.773469,1.0,0.860043,0.792066,0.797412,0.825817,0.819765,0.827291,0.804255,0.82632,0.821672,0.819894,0.785983,0.783288,0.801922,0.836815,0.738836,0.828071,0.793936,0.734721,0.785078,0.807783,0.783197,0.812182,0.74442,0.798548,0.77362,0.739243,0.796578,0.791821,0.721926,0.81086,0.776419,0.49031,0.744149,0.80237,0.786811,0.782822,0.768716,0.790361,0.857669,0.801361,0.791603,0.8051,0.811214,0.752182,0.816426,0.611775,0.785465,0.786582,0.763852,0.774273
Lady Middleton,0.917829,0.95229,0.961266,0.928744,0.868011,0.953823,0.965893,0.956362,0.972178,0.959437,0.945296,0.955013,0.965477,0.95777,0.938083,0.930976,0.95773,0.965193,0.95927,0.971255,0.965746,0.941836,0.965324,0.912221,0.970973,0.961282,0.965933,0.818056,0.956625,0.963552,0.954442,0.912465,0.963144,0.776338,0.951576,0.958378,0.937635,0.957255,0.959859,0.956003,0.956593,0.933077,0.948257,0.971928,0.947757,0.96673,0.939012,0.860043,1.0,0.943165,0.940447,0.97067,0.961252,0.942646,0.954344,0.96821,0.901276,0.961753,0.947093,0.936641,0.947661,0.965122,0.903452,0.931276,0.940057,0.896743,0.959025,0.954453,0.928705,0.957953,0.911687,0.951049,0.922801,0.891521,0.952421,0.952632,0.820181,0.953307,0.940266,0.656505,0.89573,0.969805,0.923638,0.939298,0.931922,0.944998,0.957722,0.949847,0.928101,0.967105,0.963285,0.913797,0.950167,0.780341,0.932644,0.928563,0.914671,0.933957
Lady Russell,0.929006,0.958781,0.970815,0.940168,0.850778,0.947434,0.965208,0.953709,0.952793,0.947071,0.959835,0.962538,0.94425,0.956113,0.944016,0.910383,0.956842,0.96037,0.9551,0.967926,0.963266,0.958295,0.965314,0.900774,0.960585,0.960877,0.963382,0.814293,0.951678,0.964441,0.956808,0.916906,0.960809,0.833723,0.951971,0.949707,0.920273,0.950688,0.937689,0.96303,0.95755,0.942068,0.939656,0.965562,0.947548,0.954196,0.952504,0.792066,0.943165,1.0,0.945744,0.965202,0.948094,0.93043,0.949471,0.964971,0.901873,0.96012,0.965094,0.935291,0.937308,0.962676,0.930032,0.927915,0.935045,0.924449,0.954708,0.948888,0.917567,0.940199,0.910924,0.955232,0.931832,0.883235,0.954207,0.96143,0.815914,0.958878,0.944864,0.70441,0.867799,0.957659,0.918114,0.943002,0.919475,0.965242,0.944619,0.954908,0.932997,0.956083,0.963251,0.947061,0.947943,0.766816,0.904573,0.945481,0.948241,0.921979
Louisa Musgrove,0.94347,0.963555,0.971641,0.942999,0.874893,0.948427,0.967819,0.953734,0.960869,0.94414,0.972596,0.952498,0.942428,0.953221,0.934926,0.910991,0.964376,0.954229,0.963525,0.965671,0.964062,0.950945,0.96875,0.903427,0.965635,0.960138,0.965038,0.828495,0.942312,0.964413,0.952773,0.91088,0.968253,0.838976,0.956659,0.963169,0.926911,0.961438,0.940618,0.960222,0.956449,0.936499,0.949056,0.963162,0.954012,0.96016,0.950644,0.797412,0.940447,0.945744,1.0,0.964145,0.956251,0.93673,0.954712,0.965449,0.886647,0.960948,0.967749,0.943652,0.946875,0.952103,0.926249,0.917785,0.945782,0.917591,0.956528,0.958727,0.933069,0.954621,0.921262,0.956019,0.930917,0.88099,0.952353,0.960567,0.81343,0.95349,0.947832,0.74465,0.894431,0.960124,0.922161,0.953363,0.937523,0.958093,0.934736,0.95796,0.934646,0.952765,0.960398,0.933175,0.941884,0.797124,0.907134,0.934085,0.937732,0.941389
Lucy Steele,0.944493,0.981955,0.986423,0.961785,0.875756,0.964915,0.978802,0.975556,0.981852,0.970398,0.971809,0.975156,0.973491,0.980547,0.961651,0.938004,0.981049,0.983737,0.980403,0.99304,0.986049,0.972378,0.989684,0.93143,0.986418,0.982934,0.98386,0.829643,0.967489,0.986499,0.976732,0.933397,0.986954,0.817901,0.974046,0.979064,0.95101,0.980167,0.962263,0.982621,0.979447,0.961635,0.965707,0.988196,0.970062,0.978797,0.970464,0.825817,0.97067,0.965202,0.964145,1.0,0.971756,0.954941,0.971979,0.990145,0.914334,0.981981,0.97285,0.963272,0.963917,0.97673,0.940833,0.937864,0.956953,0.926095,0.975523,0.97578,0.945994,0.967163,0.938861,0.974209,0.944884,0.909573,0.971936,0.982594,0.843273,0.976411,0.963307,0.696396,0.905489,0.984308,0.94422,0.96598,0.946431,0.972151,0.964975,0.976843,0.956393,0.975325,0.982192,0.940408,0.970979,0.793956,0.939195,0.956866,0.951387,0.950023
Lydia Bennet,0.950964,0.966623,0.970772,0.957224,0.871102,0.956286,0.970821,0.977855,0.976645,0.96846,0.967298,0.974421,0.966729,0.959316,0.94958,0.928098,0.976765,0.965943,0.973774,0.972865,0.979907,0.957054,0.974012,0.917044,0.980432,0.972717,0.976508,0.825917,0.964452,0.971654,0.969443,0.926638,0.972237,0.809868,0.976472,0.971276,0.93527,0.977296,0.952312,0.976156,0.967709,0.948951,0.975161,0.973175,0.968277,0.976425,0.969992,0.819765,0.961252,0.948094,0.956251,0.971756,1.0,0.946835,0.972365,0.972128,0.901325,0.98015,0.964261,0.956477,0.957786,0.977141,0.943914,0.936319,0.958996,0.910911,0.970247,0.967492,0.947585,0.968879,0.928549,0.980327,0.938957,0.886374,0.959802,0.96559,0.822988,0.971668,0.963783,0.701,0.912257,0.979567,0.934509,0.96865,0.952447,0.956639,0.95833,0.964112,0.940605,0.971611,0.978173,0.935921,0.960714,0.811372,0.916469,0.94678,0.930653,0.963432
Margaret Dashwood,0.902152,0.942195,0.945833,0.911826,0.875134,0.936882,0.949523,0.940605,0.954189,0.929095,0.934861,0.941681,0.938736,0.944183,0.913465,0.892455,0.940252,0.95334,0.945126,0.960622,0.949831,0.922117,0.950495,0.886921,0.951888,0.942069,0.94514,0.822535,0.934431,0.944616,0.938378,0.899879,0.95532,0.789641,0.935657,0.942015,0.91561,0.941147,0.930655,0.945641,0.936294,0.918184,0.929642,0.956907,0.932617,0.952884,0.928787,0.827291,0.942646,0.93043,0.93673,0.954941,0.946835,1.0,0.937921,0.962456,0.864258,0.944183,0.940229,0.920416,0.925905,0.940082,0.900392,0.925827,0.925377,0.87816,0.941714,0.93277,0.906398,0.940111,0.892688,0.936787,0.913998,0.887434,0.930679,0.947984,0.822376,0.936082,0.928541,0.667972,0.872779,0.953459,0.908158,0.922383,0.909282,0.935567,0.928385,0.934947,0.920477,0.950501,0.943984,0.909554,0.931015,0.775885,0.904054,0.908694,0.903978,0.916967
Maria Bertram,0.941013,0.971116,0.973868,0.95847,0.864,0.9571,0.973981,0.971285,0.979553,0.965589,0.962337,0.967767,0.958877,0.96598,0.957526,0.930321,0.986001,0.969391,0.976904,0.975191,0.977601,0.960278,0.974905,0.92124,0.98491,0.971972,0.978836,0.825355,0.971255,0.974009,0.969235,0.938989,0.974427,0.796435,0.978383,0.9757,0.931743,0.971426,0.954489,0.97089,0.970445,0.952063,0.970817,0.974081,0.979062,0.982435,0.964715,0.804255,0.954344,0.949471,0.954712,0.971979,0.972365,0.937921,1.0,0.975426,0.910715,0.982492,0.963433,0.953095,0.958382,0.965557,0.936866,0.938287,0.968588,0.91816,0.970881,0.961762,0.956358,0.964996,0.93212,0.967423,0.937924,0.894575,0.956206,0.970896,0.812015,0.969872,0.966346,0.698154,0.909768,0.972241,0.929235,0.972358,0.948575,0.957027,0.94895,0.967534,0.935941,0.967831,0.986973,0.937224,0.964954,0.819588,0.926034,0.937764,0.937056,0.963215
Marianne Dashwood,0.94356,0.982065,0.98821,0.960061,0.889438,0.973631,0.985341,0.975523,0.987665,0.9676,0.970897,0.975225,0.971598,0.982788,0.963309,0.933635,0.983359,0.987084,0.984113,0.995061,0.989125,0.969889,0.990298,0.924831,0.988661,0.983451,0.98704,0.843677,0.973321,0.987406,0.978748,0.942071,0.9878,0.806166,0.976945,0.984653,0.948952,0.981012,0.962654,0.983417,0.978834,0.95818,0.969865,0.991795,0.972983,0.979688,0.971655,0.82632,0.96821,0.964971,0.965449,0.990145,0.972128,0.962456,0.975426,1.0,0.919126,0.983801,0.974149,0.961173,0.960055,0.975635,0.941098,0.942739,0.963823,0.921459,0.979013,0.97337,0.944933,0.966583,0.934724,0.972005,0.946767,0.913906,0.967305,0.987224,0.844873,0.977184,0.964327,0.70141,0.910075,0.984223,0.939037,0.962681,0.946584,0.973505,0.9572,0.976997,0.954692,0.980314,0.984009,0.941346,0.970707,0.798649,0.943158,0.946948,0.948147,0.953911
Mary Bennet,0.862766,0.902549,0.911076,0.891575,0.812783,0.901678,0.908278,0.911965,0.909907,0.912879,0.892097,0.913974,0.891869,0.901375,0.906657,0.884767,0.919331,0.913423,0.908526,0.911438,0.921542,0.895902,0.917324,0.858472,0.921135,0.929637,0.912789,0.794946,0.910806,0.920521,0.915184,0.908142,0.914675,0.747848,0.913678,0.90634,0.877248,0.910452,0.893394,0.914302,0.906343,0.886513,0.892202,0.91672,0.905632,0.899566,0.898892,0.821672,0.901276,0.901873,0.886647,0.914334,0.901325,0.864258,0.910715,0.919126,1.0,0.923984,0.88473,0.880288,0.890713,0.922294,0.862638,0.900253,0.904151,0.852273,0.891596,0.904152,0.886335,0.889931,0.85749,0.895534,0.863561,0.821238,0.896323,0.902538,0.782061,0.909234,0.886372,0.612888,0.829076,0.891351,0.862957,0.893092,0.869081,0.896438,0.911422,0.90933,0.89509,0.893505,0.916113,0.860261,0.921616,0.73374,0.86282,0.895003,0.888585,0.870969
Mary Crawford,0.95865,0.98021,0.983508,0.972323,0.871713,0.968577,0.978161,0.979703,0.983512,0.974772,0.974033,0.978938,0.969056,0.969774,0.965926,0.943574,0.991657,0.978128,0.986265,0.983147,0.987685,0.968894,0.986734,0.925157,0.991563,0.98394,0.985722,0.831898,0.979056,0.985341,0.981342,0.945081,0.984623,0.817457,0.99153,0.984544,0.943318,0.986925,0.957411,0.983028,0.979932,0.963605,0.980418,0.981693,0.983282,0.981553,0.977185,0.819894,0.961753,0.96012,0.960948,0.981981,0.98015,0.944183,0.982492,0.983801,0.923984,1.0,0.972039,0.966918,0.964437,0.980394,0.951274,0.943966,0.969372,0.932868,0.978581,0.976006,0.957553,0.967622,0.934887,0.978694,0.953952,0.897576,0.970305,0.978536,0.821319,0.979268,0.974108,0.694825,0.909084,0.981444,0.93699,0.981471,0.95765,0.97094,0.964276,0.97963,0.954509,0.974248,0.991787,0.944453,0.975105,0.808357,0.921061,0.958072,0.95,0.96556
Mary Musgrove,0.956724,0.974858,0.98421,0.961283,0.863416,0.9568,0.974221,0.965511,0.966374,0.953485,0.9859,0.962757,0.959916,0.960568,0.945863,0.915369,0.970842,0.965885,0.971942,0.974877,0.970718,0.972814,0.977821,0.921882,0.971935,0.963043,0.974426,0.812074,0.953219,0.974275,0.963037,0.914417,0.975337,0.838775,0.966436,0.968263,0.939368,0.970189,0.942463,0.968685,0.969948,0.948726,0.961437,0.96949,0.96164,0.967724,0.965399,0.785983,0.947093,0.965094,0.967749,0.97285,0.964261,0.940229,0.963433,0.974149,0.88473,0.972039,1.0,0.963514,0.951433,0.961142,0.943397,0.919774,0.944885,0.935069,0.972725,0.967742,0.934536,0.95523,0.931479,0.96951,0.954409,0.891501,0.963791,0.969829,0.819187,0.96399,0.962396,0.733273,0.890178,0.974145,0.92841,0.964744,0.941431,0.974849,0.946205,0.96927,0.938679,0.96632,0.971951,0.957874,0.953763,0.789675,0.908933,0.946356,0.952549,0.950484
Miss Bates,0.952443,0.979913,0.969954,0.980376,0.830522,0.941474,0.950401,0.962736,0.949263,0.951153,0.964967,0.959727,0.955363,0.949097,0.933058,0.911198,0.964287,0.952287,0.964663,0.963562,0.959785,0.965985,0.97809,0.929989,0.958402,0.956813,0.973344,0.778519,0.942354,0.976229,0.955654,0.908067,0.974791,0.810402,0.967533,0.96001,0.930727,0.967103,0.924372,0.960319,0.980403,0.945924,0.959774,0.955463,0.955884,0.95189,0.963118,0.783288,0.936641,0.935291,0.943652,0.963272,0.956477,0.920416,0.953095,0.961173,0.880288,0.966918,0.963514,1.0,0.943299,0.95526,0.943499,0.897889,0.925364,0.920651,0.974228,0.975423,0.920294,0.941884,0.946799,0.969664,0.94191,0.880898,0.958293,0.962001,0.828053,0.958533,0.950663,0.707646,0.880027,0.965912,0.920193,0.966267,0.937493,0.965392,0.94712,0.978841,0.934841,0.946582,0.96252,0.934446,0.95074,0.790253,0.87991,0.952407,0.942715,0.940599
Mr. Allen,0.931917,0.9599,0.963123,0.945001,0.849088,0.944411,0.957861,0.959623,0.965814,0.953417,0.956415,0.957926,0.946988,0.956781,0.943049,0.920234,0.964851,0.956834,0.969166,0.965064,0.964524,0.950313,0.965338,0.912428,0.966673,0.959614,0.965267,0.811201,0.947104,0.965661,0.953086,0.915087,0.963804,0.805265,0.958368,0.965684,0.920788,0.96491,0.950195,0.960017,0.957305,0.935178,0.961659,0.959291,0.953332,0.963269,0.953687,0.801922,0.947661,0.937308,0.946875,0.963917,0.957786,0.925905,0.958382,0.960055,0.890713,0.964437,0.951433,0.943299,1.0,0.9599,0.926879,0.922571,0.942819,0.904507,0.956542,0.958599,0.929612,0.957604,0.923531,0.960383,0.916504,0.879443,0.955452,0.960415,0.830148,0.957069,0.9512,0.695952,0.882252,0.962548,0.927375,0.954405,0.932735,0.947452,0.950477,0.952303,0.930939,0.952761,0.965455,0.918285,0.951089,0.776381,0.911441,0.940496,0.923866,0.939498
Mr. Bennet,0.938651,0.969561,0.974442,0.955079,0.863697,0.956298,0.968445,0.979892,0.972373,0.97028,0.962799,0.982385,0.960712,0.965463,0.955553,0.936085,0.9755,0.970903,0.97615,0.977799,0.985826,0.957925,0.979724,0.918374,0.979242,0.983636,0.976076,0.819619,0.96295,0.977275,0.974114,0.933718,0.975204,0.813895,0.973976,0.970849,0.936883,0.976271,0.957192,0.984356,0.969535,0.949109,0.96381,0.976538,0.964111,0.971359,0.973597,0.836815,0.965122,0.962676,0.952103,0.97673,0.977141,0.940082,0.965557,0.975635,0.922294,0.980394,0.961142,0.95526,0.9599,1.0,0.947142,0.93993,0.951658,0.91659,0.966609,0.96743,0.939285,0.959058,0.927564,0.982542,0.934733,0.891512,0.962982,0.968774,0.839256,0.979834,0.961444,0.687823,0.900215,0.972395,0.935076,0.96214,0.942047,0.962959,0.968567,0.968864,0.949415,0.964958,0.979545,0.930608,0.969285,0.780565,0.915817,0.966976,0.938916,0.946287
Mr. Gardiner,0.937924,0.956129,0.952145,0.946934,0.810018,0.921608,0.936927,0.951148,0.933186,0.934817,0.948448,0.952038,0.920191,0.937745,0.934312,0.885219,0.949614,0.935899,0.948278,0.947435,0.954299,0.942989,0.950104,0.899294,0.937896,0.94859,0.948128,0.784526,0.931972,0.949351,0.953909,0.904392,0.946044,0.824774,0.950737,0.946414,0.896427,0.94575,0.90357,0.958946,0.949205,0.93542,0.944593,0.938187,0.945262,0.935072,0.959241,0.738836,0.903452,0.930032,0.926249,0.940833,0.943914,0.900392,0.936866,0.941098,0.862638,0.951274,0.943397,0.943499,0.926879,0.947142,1.0,0.894819,0.920371,0.912943,0.948446,0.943545,0.909407,0.923098,0.909603,0.959225,0.923263,0.874957,0.933653,0.951841,0.784138,0.959598,0.941243,0.715761,0.869564,0.946263,0.890587,0.947391,0.921377,0.9456,0.916999,0.949889,0.922938,0.932592,0.947309,0.927282,0.937983,0.769016,0.860895,0.939333,0.925736,0.92875
Mr. Hurst,0.887468,0.925392,0.934391,0.9024,0.85966,0.927154,0.941868,0.943652,0.949846,0.937477,0.919195,0.939528,0.92371,0.931806,0.923183,0.902227,0.938786,0.943593,0.937931,0.941114,0.948735,0.909302,0.936434,0.870602,0.949543,0.945156,0.937675,0.839032,0.942556,0.935221,0.946052,0.921921,0.941588,0.793079,0.93146,0.93652,0.89771,0.930751,0.929479,0.940878,0.925282,0.912165,0.926072,0.947503,0.934486,0.941836,0.9239,0.828071,0.931276,0.927915,0.917785,0.937864,0.936319,0.925827,0.938287,0.942739,0.900253,0.943966,0.919774,0.897889,0.922571,0.93993,0.894819,1.0,0.936246,0.875227,0.922626,0.922039,0.914985,0.938811,0.87677,0.930501,0.895722,0.867418,0.915264,0.932326,0.777715,0.932932,0.91206,0.641453,0.858843,0.931309,0.8929,0.917623,0.899432,0.917819,0.925549,0.92289,0.902141,0.932601,0.941629,0.899176,0.938291,0.761125,0.906226,0.906329,0.902788,0.906126
Mr. Rushworth,0.92975,0.952782,0.958945,0.934607,0.867604,0.94705,0.963308,0.954779,0.972429,0.953776,0.945852,0.953692,0.945594,0.948419,0.946392,0.9188,0.968479,0.958013,0.963099,0.961208,0.968139,0.936888,0.959578,0.886647,0.974038,0.964107,0.96589,0.843923,0.960501,0.95933,0.958869,0.926093,0.962473,0.793289,0.962969,0.968456,0.91011,0.962269,0.940509,0.959617,0.94772,0.931624,0.960542,0.962481,0.967847,0.966145,0.946769,0.793936,0.940057,0.935045,0.945782,0.956953,0.958996,0.925377,0.968588,0.963823,0.904151,0.969372,0.944885,0.925364,0.942819,0.951658,0.920371,0.936246,1.0,0.893042,0.952653,0.947117,0.954942,0.961354,0.913933,0.948956,0.917697,0.880705,0.939637,0.954612,0.781899,0.953933,0.948321,0.691016,0.90462,0.95732,0.911823,0.949648,0.930503,0.937523,0.929084,0.951568,0.918534,0.959449,0.96837,0.915581,0.953818,0.797718,0.922259,0.916711,0.918414,0.947479
Mr. Shepherd,0.929894,0.930125,0.940298,0.930113,0.8038,0.912541,0.923989,0.917274,0.909269,0.908445,0.941318,0.910099,0.90311,0.914429,0.91358,0.891603,0.930836,0.921227,0.922425,0.928588,0.920376,0.936822,0.929763,0.886602,0.921117,0.918332,0.927833,0.750353,0.918956,0.927645,0.921562,0.884405,0.924376,0.808609,0.925768,0.921618,0.89615,0.91536,0.890071,0.9173,0.933601,0.930155,0.914607,0.921812,0.919542,0.91855,0.918008,0.734721,0.896743,0.924449,0.917591,0.926095,0.910911,0.87816,0.91816,0.921459,0.852273,0.932868,0.935069,0.920651,0.904507,0.91659,0.912943,0.875227,0.893042,1.0,0.928954,0.922441,0.897251,0.901207,0.883218,0.921102,0.941118,0.831369,0.924066,0.926712,0.763654,0.918268,0.910521,0.70381,0.847313,0.930473,0.874028,0.932986,0.901466,0.942964,0.897479,0.927746,0.900825,0.912834,0.931462,0.944544,0.913063,0.757143,0.859781,0.913398,0.926802,0.907491
Mr. Weston,0.957468,0.985297,0.980751,0.974019,0.85458,0.964722,0.97551,0.968799,0.974213,0.961413,0.97223,0.969737,0.968677,0.969392,0.954489,0.924213,0.978012,0.972712,0.977161,0.981718,0.975382,0.971265,0.983838,0.924867,0.975879,0.968751,0.986799,0.806165,0.966364,0.985142,0.968947,0.926569,0.979898,0.804855,0.976974,0.977159,0.93999,0.972266,0.945087,0.970064,0.982525,0.960807,0.97523,0.976706,0.970996,0.975286,0.969115,0.785078,0.959025,0.954708,0.956528,0.975523,0.970247,0.941714,0.970881,0.979013,0.891596,0.978581,0.972725,0.974228,0.956542,0.966609,0.948446,0.922626,0.952653,0.928954,1.0,0.975933,0.939646,0.959706,0.942873,0.972852,0.948188,0.904889,0.967423,0.979262,0.817558,0.967934,0.964163,0.709296,0.904905,0.985702,0.926059,0.969741,0.952131,0.972245,0.94479,0.979049,0.944054,0.975768,0.9803,0.94718,0.959255,0.80507,0.91715,0.944683,0.943988,0.961137
Mr. Woodhouse,0.957409,0.983755,0.977707,0.976103,0.863613,0.950693,0.966794,0.971706,0.965386,0.958362,0.973521,0.967879,0.961922,0.959914,0.944178,0.931578,0.975087,0.962201,0.973435,0.973173,0.971561,0.968859,0.986319,0.93147,0.973435,0.96985,0.982878,0.814451,0.956442,0.984696,0.963575,0.919063,0.982571,0.837622,0.971908,0.971329,0.950951,0.975939,0.945955,0.969694,0.98123,0.951452,0.96462,0.971187,0.966182,0.966101,0.9639,0.807783,0.954453,0.948888,0.958727,0.97578,0.967492,0.93277,0.961762,0.97337,0.904152,0.976006,0.967742,0.975423,0.958599,0.96743,0.943545,0.922039,0.947117,0.922441,0.975933,1.0,0.937345,0.963312,0.951115,0.974124,0.945986,0.882065,0.96588,0.973062,0.84008,0.969022,0.960439,0.717778,0.900345,0.975142,0.940405,0.973465,0.95562,0.96464,0.958119,0.980893,0.947911,0.962009,0.971561,0.940947,0.958494,0.796648,0.906522,0.952787,0.946944,0.953562
Mr. Yates,0.919456,0.940815,0.946077,0.927768,0.850751,0.932709,0.944696,0.941366,0.952008,0.935815,0.937928,0.936306,0.929268,0.93175,0.927822,0.915827,0.956311,0.938144,0.950296,0.946226,0.951797,0.929065,0.946734,0.877638,0.95941,0.949626,0.950237,0.816354,0.943901,0.945066,0.942132,0.908362,0.94502,0.796675,0.947996,0.950719,0.909771,0.946141,0.923829,0.943544,0.940224,0.927072,0.94166,0.948155,0.949196,0.950386,0.934721,0.783197,0.928705,0.917567,0.933069,0.945994,0.947585,0.906398,0.956358,0.944933,0.886335,0.957553,0.934536,0.920294,0.929612,0.939285,0.909407,0.914985,0.954942,0.897251,0.939646,0.937345,1.0,0.945121,0.902833,0.938106,0.912223,0.865371,0.927673,0.940236,0.770952,0.937739,0.934335,0.693743,0.889909,0.94577,0.903176,0.946093,0.925613,0.928784,0.917697,0.939526,0.912091,0.936918,0.95914,0.906359,0.938522,0.792461,0.906181,0.912485,0.910395,0.931371
Mrs. Allen,0.937486,0.959538,0.966165,0.94201,0.869203,0.948458,0.966712,0.965005,0.977417,0.963254,0.957186,0.960886,0.958152,0.954413,0.946006,0.926601,0.969519,0.95933,0.970118,0.968158,0.971682,0.947858,0.966378,0.906179,0.9762,0.966359,0.971445,0.845146,0.959433,0.964615,0.962713,0.916305,0.967161,0.820429,0.959559,0.971512,0.928625,0.969545,0.957093,0.963683,0.958348,0.935448,0.964546,0.969598,0.963745,0.974636,0.9522,0.812182,0.957953,0.940199,0.954621,0.967163,0.968879,0.940111,0.964996,0.966583,0.889931,0.967622,0.95523,0.941884,0.957604,0.959058,0.923098,0.938811,0.961354,0.901207,0.959706,0.963312,0.945121,1.0,0.928133,0.965625,0.932414,0.882221,0.95516,0.958591,0.816488,0.959029,0.95167,0.699573,0.907815,0.969482,0.931831,0.957784,0.9447,0.94808,0.952894,0.956136,0.929003,0.964483,0.968799,0.924852,0.957006,0.805165,0.930131,0.933185,0.926906,0.951684
Mrs. Bates,0.920578,0.951676,0.943176,0.946026,0.826345,0.908594,0.928761,0.935799,0.925365,0.92487,0.935819,0.932967,0.918796,0.925896,0.906676,0.886775,0.938992,0.919667,0.933874,0.93657,0.934713,0.935705,0.949228,0.896761,0.937071,0.936333,0.950414,0.771458,0.914682,0.947069,0.927493,0.878868,0.946769,0.802201,0.935959,0.936694,0.896303,0.937911,0.902222,0.935013,0.950847,0.912326,0.926921,0.931659,0.935557,0.931152,0.933133,0.74442,0.911687,0.910924,0.921262,0.938861,0.928549,0.892688,0.93212,0.934724,0.85749,0.934887,0.931479,0.946799,0.923531,0.927564,0.909603,0.87677,0.913933,0.883218,0.942873,0.951115,0.902833,0.928133,1.0,0.938198,0.905198,0.848577,0.935594,0.937954,0.802498,0.934447,0.928464,0.722764,0.874867,0.93442,0.906938,0.938482,0.919428,0.93145,0.909168,0.951603,0.912071,0.921226,0.937871,0.897065,0.922269,0.779869,0.864081,0.91913,0.9172,0.91697
Mrs. Bennet,0.95353,0.97542,0.975426,0.968441,0.856959,0.954005,0.965764,0.98779,0.970812,0.969872,0.972573,0.984112,0.962924,0.962661,0.953656,0.927964,0.977648,0.964993,0.976866,0.975371,0.985315,0.966255,0.979961,0.927605,0.976727,0.980385,0.978372,0.810338,0.959434,0.976878,0.977794,0.927037,0.977261,0.824253,0.977773,0.973027,0.935853,0.979544,0.953107,0.985725,0.97406,0.950156,0.973418,0.97046,0.969713,0.973037,0.986218,0.798548,0.951049,0.955232,0.956019,0.974209,0.980327,0.936787,0.967423,0.972005,0.895534,0.978694,0.96951,0.969664,0.960383,0.982542,0.959225,0.930501,0.948956,0.921102,0.972852,0.974124,0.938106,0.965625,0.938198,1.0,0.94323,0.887917,0.966559,0.971137,0.837806,0.983864,0.96504,0.710919,0.904582,0.977559,0.930604,0.97284,0.950839,0.965032,0.96127,0.972989,0.945672,0.965255,0.979345,0.940776,0.968907,0.799973,0.907512,0.971829,0.941457,0.956084
Mrs. Clay,0.945126,0.949041,0.95911,0.944162,0.838934,0.941037,0.944135,0.944037,0.937746,0.931406,0.952774,0.934584,0.933294,0.9283,0.920019,0.907231,0.949509,0.938523,0.944174,0.946473,0.943406,0.949918,0.953216,0.903517,0.943544,0.937219,0.949096,0.78558,0.934601,0.948832,0.943457,0.900659,0.951129,0.802336,0.949114,0.941688,0.927597,0.944924,0.914184,0.938491,0.947179,0.929531,0.941439,0.942561,0.941651,0.938208,0.934807,0.77362,0.922801,0.931832,0.930917,0.944884,0.938957,0.913998,0.937924,0.946767,0.863561,0.953952,0.954409,0.94191,0.916504,0.934733,0.923263,0.895722,0.917697,0.941118,0.948188,0.945986,0.912223,0.932414,0.905198,0.94323,1.0,0.86366,0.93904,0.940017,0.788979,0.936744,0.929897,0.678071,0.876624,0.953828,0.895641,0.941,0.919987,0.954477,0.925662,0.95148,0.915819,0.944671,0.947087,0.950298,0.935735,0.757041,0.882349,0.919474,0.93822,0.930001
Mrs. Cole,0.841889,0.908459,0.905542,0.870654,0.797091,0.894581,0.902138,0.892933,0.91384,0.887826,0.879116,0.896012,0.891976,0.910167,0.883666,0.847202,0.898483,0.91398,0.901831,0.917233,0.912534,0.892431,0.908658,0.843805,0.903585,0.903252,0.899674,0.771853,0.892478,0.905386,0.906258,0.867295,0.906227,0.737629,0.888312,0.906744,0.862094,0.890158,0.876704,0.906982,0.898539,0.877563,0.87926,0.910804,0.887266,0.905306,0.891586,0.739243,0.891521,0.883235,0.88099,0.909573,0.886374,0.887434,0.894575,0.913906,0.821238,0.897576,0.891501,0.880898,0.879443,0.891512,0.874957,0.867418,0.880705,0.831369,0.904889,0.882065,0.865371,0.882221,0.848577,0.887917,0.86366,1.0,0.877206,0.904825,0.75668,0.894131,0.88144,0.621827,0.820706,0.904528,0.853012,0.871371,0.857282,0.890228,0.868097,0.893563,0.860184,0.893857,0.900282,0.868968,0.8986,0.719617,0.869076,0.860764,0.861974,0.866977
Mrs. Croft,0.957076,0.968893,0.97741,0.959057,0.855306,0.956247,0.968529,0.961269,0.960623,0.961398,0.970538,0.963917,0.953472,0.960795,0.946927,0.916665,0.969423,0.962253,0.967263,0.972283,0.966683,0.960907,0.972286,0.916044,0.96854,0.965325,0.974636,0.807777,0.949893,0.972341,0.957634,0.912359,0.969675,0.809508,0.969504,0.965255,0.923069,0.967855,0.945942,0.963632,0.969864,0.948144,0.96093,0.967089,0.955824,0.961315,0.961579,0.796578,0.952421,0.954207,0.952353,0.971936,0.959802,0.930679,0.956206,0.967305,0.896323,0.970305,0.963791,0.958293,0.955452,0.962982,0.933653,0.915264,0.939637,0.924066,0.967423,0.96588,0.927673,0.95516,0.935594,0.966559,0.93904,0.877206,1.0,0.965433,0.820928,0.959923,0.95537,0.700342,0.885059,0.970861,0.923006,0.95754,0.938212,0.968975,0.949153,0.965516,0.949322,0.961268,0.970109,0.932186,0.956572,0.789414,0.903969,0.956413,0.945553,0.946759
Mrs. Dashwood,0.947618,0.980061,0.982763,0.963666,0.863673,0.959253,0.976004,0.970404,0.973749,0.958401,0.97064,0.970895,0.960427,0.977863,0.96039,0.922922,0.979033,0.977123,0.978073,0.988597,0.979143,0.969423,0.982616,0.926563,0.978235,0.973859,0.982761,0.822554,0.969042,0.981982,0.972044,0.932667,0.979001,0.820679,0.974009,0.977065,0.939739,0.972211,0.948799,0.976726,0.977583,0.966027,0.96458,0.981843,0.972227,0.975391,0.971318,0.791821,0.952632,0.96143,0.960567,0.982594,0.96559,0.947984,0.970896,0.987224,0.902538,0.978536,0.969829,0.962001,0.960415,0.968774,0.951841,0.932326,0.954612,0.926712,0.979262,0.973062,0.940236,0.958591,0.937954,0.971137,0.940017,0.904825,0.965433,1.0,0.843342,0.973906,0.964113,0.715994,0.895295,0.980011,0.933743,0.969706,0.949369,0.969903,0.94956,0.974148,0.953289,0.969724,0.98077,0.944596,0.957652,0.808186,0.91968,0.948202,0.946946,0.952906
Mrs. Ferrars,0.797946,0.828709,0.825659,0.819583,0.749808,0.803098,0.807427,0.834627,0.816121,0.797314,0.822391,0.835134,0.823494,0.817651,0.789219,0.785543,0.824055,0.820672,0.827205,0.836874,0.829664,0.824952,0.840384,0.817289,0.827336,0.831404,0.827888,0.698663,0.796995,0.84111,0.809289,0.773754,0.837096,0.69875,0.822833,0.82057,0.804341,0.836645,0.814343,0.840664,0.826699,0.795938,0.808778,0.826248,0.812055,0.817538,0.825093,0.721926,0.820181,0.815914,0.81343,0.843273,0.822988,0.822376,0.812015,0.844873,0.782061,0.821319,0.819187,0.828053,0.830148,0.839256,0.784138,0.777715,0.781899,0.763654,0.817558,0.84008,0.770952,0.816488,0.802498,0.837806,0.788979,0.75668,0.820928,0.843342,1.0,0.834065,0.815734,0.595215,0.746784,0.828151,0.803973,0.823944,0.800443,0.822892,0.838153,0.826772,0.834767,0.809231,0.824815,0.784745,0.807676,0.664581,0.764683,0.822154,0.786075,0.797561
Mrs. Gardiner,0.941962,0.976035,0.976034,0.960344,0.863483,0.954465,0.968348,0.982351,0.975799,0.96532,0.965159,0.981423,0.957501,0.971442,0.961532,0.927529,0.978955,0.968661,0.977378,0.979334,0.988692,0.964831,0.981445,0.92456,0.979275,0.983028,0.975635,0.820225,0.967304,0.978401,0.981782,0.936002,0.978093,0.812562,0.976321,0.975637,0.934708,0.977257,0.956355,0.987968,0.971377,0.951169,0.964601,0.973651,0.970582,0.972832,0.9811,0.81086,0.953307,0.958878,0.95349,0.976411,0.971668,0.936082,0.969872,0.977184,0.909234,0.979268,0.96399,0.958533,0.957069,0.979834,0.959598,0.932932,0.953933,0.918268,0.967934,0.969022,0.937739,0.959029,0.934447,0.983864,0.936744,0.894131,0.959923,0.973906,0.834065,1.0,0.962982,0.700153,0.907713,0.971522,0.931937,0.965993,0.946839,0.964666,0.959788,0.971185,0.945568,0.963365,0.97937,0.936508,0.966897,0.801182,0.914435,0.960009,0.941073,0.951361
Mrs. Grant,0.940357,0.965763,0.967582,0.951774,0.840267,0.944051,0.962135,0.959799,0.96241,0.952822,0.961091,0.961622,0.949827,0.954267,0.943637,0.920126,0.970421,0.955214,0.968368,0.965865,0.967511,0.953738,0.969085,0.910219,0.969743,0.960426,0.967479,0.800037,0.955093,0.968366,0.956111,0.912173,0.965534,0.806908,0.971253,0.963874,0.919944,0.967845,0.938363,0.966269,0.960463,0.939521,0.959957,0.959353,0.966714,0.966086,0.960483,0.776419,0.940266,0.944864,0.947832,0.963307,0.963783,0.928541,0.966346,0.964327,0.886372,0.974108,0.962396,0.950663,0.9512,0.961444,0.941243,0.91206,0.948321,0.910521,0.964163,0.960439,0.934335,0.95167,0.928464,0.96504,0.929897,0.88144,0.95537,0.964113,0.815734,0.962982,1.0,0.707433,0.88652,0.965896,0.923534,0.963961,0.938791,0.954364,0.943391,0.960757,0.93153,0.958394,0.972343,0.928821,0.951633,0.786851,0.897323,0.94166,0.929414,0.951559
Mrs. Harville,0.720699,0.723246,0.7307,0.710309,0.629566,0.678203,0.724196,0.699188,0.687476,0.678571,0.745846,0.691035,0.668602,0.692622,0.678034,0.649104,0.7132,0.673346,0.71174,0.705363,0.703165,0.72166,0.712611,0.670121,0.704271,0.702226,0.712887,0.595951,0.684338,0.705968,0.695112,0.645983,0.703245,0.700268,0.700397,0.713093,0.665308,0.702329,0.662516,0.714347,0.715863,0.68926,0.692567,0.697752,0.708271,0.70254,0.710028,0.49031,0.656505,0.70441,0.74465,0.696396,0.701,0.667972,0.698154,0.70141,0.612888,0.694825,0.733273,0.707646,0.695952,0.687823,0.715761,0.641453,0.691016,0.70381,0.709296,0.717778,0.693743,0.699573,0.722764,0.710919,0.678071,0.621827,0.700342,0.715994,0.595215,0.700153,0.707433,1.0,0.699315,0.701069,0.707902,0.733175,0.719902,0.719614,0.659132,0.718627,0.68133,0.684827,0.701718,0.705754,0.667652,0.652542,0.63072,0.692517,0.708346,0.716198
Mrs. Hurst,0.877895,0.901849,0.903962,0.888474,0.821955,0.884868,0.908395,0.914815,0.920678,0.90503,0.890259,0.896043,0.895348,0.903023,0.891591,0.879142,0.917596,0.895823,0.911813,0.910404,0.918171,0.892124,0.908221,0.841532,0.91714,0.912524,0.912972,0.783506,0.906155,0.901341,0.904938,0.876373,0.902655,0.719087,0.903197,0.918293,0.875833,0.91201,0.898163,0.907307,0.901183,0.880204,0.911293,0.912108,0.90707,0.91309,0.900722,0.744149,0.89573,0.867799,0.894431,0.905489,0.912257,0.872779,0.909768,0.910075,0.829076,0.909084,0.890178,0.880027,0.882252,0.900215,0.869564,0.858843,0.90462,0.847313,0.904905,0.900345,0.889909,0.907815,0.874867,0.904582,0.876624,0.820706,0.885059,0.895295,0.746784,0.907713,0.88652,0.699315,1.0,0.908884,0.878391,0.901266,0.899981,0.889831,0.869725,0.90018,0.873173,0.910338,0.912784,0.867254,0.893306,0.800156,0.893123,0.866018,0.874974,0.909664
Mrs. Jennings,0.960517,0.978074,0.982097,0.965787,0.871251,0.970217,0.979672,0.974011,0.980718,0.965801,0.97523,0.972262,0.977567,0.973235,0.958682,0.933073,0.980297,0.980417,0.978104,0.988119,0.979852,0.970142,0.982727,0.929806,0.981673,0.971606,0.985188,0.820033,0.968195,0.981084,0.971802,0.926544,0.980006,0.81025,0.977296,0.978144,0.94598,0.97606,0.957416,0.973472,0.977905,0.961435,0.97809,0.983671,0.969629,0.980566,0.969988,0.80237,0.969805,0.957659,0.960124,0.984308,0.979567,0.953459,0.972241,0.984223,0.891351,0.981444,0.974145,0.965912,0.962548,0.972395,0.946263,0.931309,0.95732,0.930473,0.985702,0.975142,0.94577,0.969482,0.93442,0.977559,0.953828,0.904528,0.970861,0.980011,0.828151,0.971522,0.965896,0.701069,0.908884,1.0,0.934189,0.970713,0.95409,0.970262,0.95336,0.973,0.947318,0.985068,0.982929,0.949175,0.963064,0.802879,0.930103,0.947754,0.940626,0.964752
Mrs. Morland,0.898315,0.936047,0.938481,0.912575,0.835807,0.908188,0.933289,0.930398,0.93876,0.926872,0.926017,0.929949,0.923092,0.931702,0.914744,0.894101,0.935987,0.92567,0.942475,0.940023,0.941341,0.927637,0.94371,0.874027,0.945609,0.937411,0.937899,0.79727,0.924079,0.93654,0.928418,0.884666,0.935768,0.791313,0.92644,0.937872,0.920668,0.942012,0.9229,0.94095,0.934926,0.912173,0.919144,0.938313,0.92156,0.933853,0.918827,0.786811,0.923638,0.918114,0.922161,0.94422,0.934509,0.908158,0.929235,0.939037,0.862957,0.93699,0.92841,0.920193,0.927375,0.935076,0.890587,0.8929,0.911823,0.874028,0.926059,0.940405,0.903176,0.931831,0.906938,0.930604,0.895641,0.853012,0.923006,0.933743,0.803973,0.931937,0.923534,0.707902,0.878391,0.934189,1.0,0.929415,0.921049,0.923954,0.92419,0.92813,0.904915,0.926154,0.937343,0.892455,0.917096,0.769913,0.881738,0.913145,0.913353,0.912172
Mrs. Norris,0.958771,0.972178,0.968477,0.974423,0.844504,0.942116,0.959144,0.967517,0.959582,0.955854,0.97137,0.962819,0.952755,0.948245,0.94443,0.93178,0.983322,0.953385,0.969835,0.964563,0.966924,0.963148,0.972473,0.92919,0.975753,0.964023,0.973097,0.805022,0.957591,0.971164,0.961161,0.917654,0.969312,0.836037,0.980682,0.968399,0.93076,0.971743,0.934946,0.966179,0.973224,0.959628,0.968489,0.961047,0.97401,0.975532,0.968631,0.782822,0.939298,0.943002,0.953363,0.96598,0.96865,0.922383,0.972358,0.962681,0.893092,0.981471,0.964744,0.966267,0.954405,0.96214,0.947391,0.917623,0.949648,0.932986,0.969741,0.973465,0.946093,0.957784,0.938482,0.97284,0.941,0.871371,0.95754,0.969706,0.823944,0.965993,0.963961,0.733175,0.901266,0.970713,0.929415,1.0,0.962856,0.960047,0.949409,0.97162,0.941734,0.953762,0.981258,0.936844,0.953334,0.828567,0.888554,0.952866,0.940588,0.968031
Mrs. Price,0.93683,0.949026,0.947367,0.945675,0.84349,0.929075,0.947126,0.949329,0.949491,0.942398,0.946751,0.94067,0.93539,0.938375,0.924386,0.909543,0.960415,0.933045,0.953436,0.94626,0.948402,0.939045,0.951463,0.908697,0.957057,0.943957,0.953673,0.803217,0.94366,0.948948,0.941356,0.903831,0.946932,0.812167,0.956293,0.954161,0.92263,0.951933,0.926204,0.946146,0.95223,0.938599,0.946922,0.946838,0.949339,0.955845,0.943043,0.768716,0.931922,0.919475,0.937523,0.946431,0.952447,0.909282,0.948575,0.946584,0.869081,0.95765,0.941431,0.937493,0.932735,0.942047,0.921377,0.899432,0.930503,0.901466,0.952131,0.95562,0.925613,0.9447,0.919428,0.950839,0.919987,0.857282,0.938212,0.949369,0.800443,0.946839,0.938791,0.719902,0.899981,0.95409,0.921049,0.962856,1.0,0.93547,0.924568,0.948044,0.922325,0.941551,0.957021,0.912776,0.929027,0.842551,0.882624,0.923292,0.920458,0.953047
Mrs. Smith,0.956834,0.975846,0.98712,0.962136,0.854475,0.961311,0.969452,0.962034,0.960374,0.954549,0.974101,0.961673,0.950698,0.966579,0.951753,0.917337,0.970552,0.966465,0.969241,0.977406,0.970925,0.974004,0.978667,0.917827,0.967244,0.969591,0.973949,0.803962,0.955102,0.977638,0.965951,0.926402,0.9742,0.823562,0.968546,0.966688,0.93144,0.964658,0.937843,0.968716,0.973619,0.955452,0.956031,0.971114,0.957016,0.960815,0.963341,0.790361,0.944998,0.965242,0.958093,0.972151,0.956639,0.935567,0.957027,0.973505,0.896438,0.97094,0.974849,0.965392,0.947452,0.962959,0.9456,0.917819,0.937523,0.942964,0.972245,0.96464,0.928784,0.94808,0.93145,0.965032,0.954477,0.890228,0.968975,0.969903,0.822892,0.964666,0.954364,0.719614,0.889831,0.970262,0.923954,0.960047,0.93547,1.0,0.946049,0.972366,0.951804,0.957175,0.968836,0.955257,0.955126,0.787273,0.907381,0.953305,0.96505,0.939761
Mrs. Thorpe,0.915956,0.952479,0.957814,0.939771,0.848124,0.933478,0.94566,0.962081,0.955684,0.957514,0.947809,0.962586,0.95176,0.94466,0.934609,0.926791,0.957703,0.95157,0.959563,0.958809,0.962258,0.945544,0.963525,0.925098,0.962807,0.960517,0.95389,0.799117,0.949425,0.962045,0.957734,0.915228,0.962195,0.810796,0.956233,0.949488,0.939748,0.967553,0.953475,0.96181,0.952691,0.931005,0.94476,0.956623,0.950384,0.95788,0.947406,0.857669,0.957722,0.944619,0.934736,0.964975,0.95833,0.928385,0.94895,0.9572,0.911422,0.964276,0.946205,0.94712,0.950477,0.968567,0.916999,0.925549,0.929084,0.897479,0.94479,0.958119,0.917697,0.952894,0.909168,0.96127,0.925662,0.868097,0.949153,0.94956,0.838153,0.959788,0.943391,0.659132,0.869725,0.95336,0.92419,0.949409,0.924568,0.946049,1.0,0.952421,0.925806,0.946129,0.960121,0.916416,0.951475,0.768938,0.88874,0.950215,0.927641,0.923143
Philip Elton,0.95661,0.988269,0.980293,0.981557,0.854434,0.956129,0.967634,0.974521,0.96529,0.963842,0.971223,0.972021,0.960746,0.962561,0.948587,0.926439,0.978406,0.96613,0.975937,0.977098,0.975241,0.974041,0.98918,0.933607,0.973598,0.975699,0.985739,0.810259,0.960483,0.9878,0.96729,0.927009,0.987734,0.824294,0.978657,0.974097,0.939677,0.976841,0.94241,0.97392,0.983645,0.954755,0.968291,0.973072,0.972975,0.965613,0.970048,0.801361,0.949847,0.954908,0.95796,0.976843,0.964112,0.934947,0.967534,0.976997,0.90933,0.97963,0.96927,0.978841,0.952303,0.968864,0.949889,0.92289,0.951568,0.927746,0.979049,0.980893,0.939526,0.956136,0.951603,0.972989,0.95148,0.893563,0.965516,0.974148,0.826772,0.971185,0.960757,0.718627,0.90018,0.973,0.92813,0.97162,0.948044,0.972366,0.952421,1.0,0.952441,0.96263,0.976586,0.943428,0.969428,0.795175,0.90199,0.95733,0.951564,0.950368
Robert Ferrars,0.930362,0.950861,0.953497,0.938607,0.848923,0.934623,0.941856,0.943868,0.939051,0.925316,0.944861,0.94255,0.925401,0.944783,0.924701,0.899233,0.951928,0.943552,0.949714,0.956562,0.952291,0.938157,0.956734,0.896131,0.949953,0.956212,0.953191,0.804535,0.929687,0.95621,0.938244,0.90103,0.954257,0.802695,0.952253,0.946513,0.90493,0.952025,0.923453,0.954236,0.946622,0.93947,0.934585,0.953305,0.936008,0.939767,0.941954,0.791603,0.928101,0.932997,0.934646,0.956393,0.940605,0.920477,0.935941,0.954692,0.89509,0.954509,0.938679,0.934841,0.930939,0.949415,0.922938,0.902141,0.918534,0.900825,0.944054,0.947911,0.912091,0.929003,0.912071,0.945672,0.915819,0.860184,0.949322,0.953289,0.834767,0.945568,0.93153,0.68133,0.873173,0.947318,0.904915,0.941734,0.922325,0.951804,0.925806,0.952441,1.0,0.932587,0.95051,0.903704,0.932794,0.783416,0.888078,0.939404,0.916213,0.921991
Sir John Middleton,0.948049,0.966247,0.97431,0.950732,0.874566,0.96714,0.979436,0.96472,0.980036,0.963795,0.964454,0.965571,0.970733,0.966194,0.953809,0.927968,0.972563,0.976371,0.971242,0.981553,0.974771,0.957883,0.973874,0.912511,0.976948,0.964251,0.978944,0.832701,0.965914,0.973107,0.964383,0.926207,0.972033,0.789767,0.969804,0.972809,0.934837,0.970579,0.95857,0.965252,0.965176,0.945871,0.975373,0.981306,0.965792,0.973291,0.95858,0.8051,0.967105,0.956083,0.952765,0.975325,0.971611,0.950501,0.967831,0.980314,0.893505,0.974248,0.96632,0.946582,0.952761,0.964958,0.932592,0.932601,0.959449,0.912834,0.975768,0.962009,0.936918,0.964483,0.921226,0.965255,0.944671,0.893857,0.961268,0.969724,0.809231,0.963365,0.958394,0.684827,0.910338,0.985068,0.926154,0.953762,0.941551,0.957175,0.946129,0.96263,0.932587,1.0,0.976485,0.939825,0.958254,0.791284,0.935829,0.929245,0.932581,0.957798
Sir Thomas Bertram,0.952002,0.979882,0.982593,0.96706,0.869834,0.966353,0.97993,0.978506,0.984971,0.970993,0.972837,0.979051,0.968639,0.972649,0.966259,0.93934,0.992408,0.977815,0.985315,0.985702,0.987943,0.969754,0.984959,0.924375,0.992757,0.982683,0.987051,0.827121,0.97758,0.984143,0.978791,0.940373,0.981777,0.807593,0.988289,0.98462,0.939796,0.982826,0.962324,0.982128,0.979541,0.962161,0.978376,0.982113,0.980775,0.987563,0.978449,0.811214,0.963285,0.963251,0.960398,0.982192,0.978173,0.943984,0.986973,0.984009,0.916113,0.991787,0.971951,0.96252,0.965455,0.979545,0.947309,0.941629,0.96837,0.931462,0.9803,0.971561,0.95914,0.968799,0.937871,0.979345,0.947087,0.900282,0.970109,0.98077,0.824815,0.97937,0.972343,0.701718,0.912784,0.982929,0.937343,0.981258,0.957021,0.968836,0.960121,0.976586,0.95051,0.976485,1.0,0.942558,0.971969,0.818719,0.926938,0.956362,0.945785,0.968
Sir Walter Elliot,0.942989,0.944734,0.958432,0.940115,0.832108,0.931313,0.944105,0.943389,0.933062,0.925771,0.95654,0.93189,0.930072,0.931831,0.922406,0.896929,0.942327,0.941135,0.937942,0.944994,0.937928,0.958384,0.945083,0.906292,0.93516,0.930296,0.945241,0.783295,0.940029,0.943017,0.93997,0.901767,0.942369,0.817613,0.937834,0.935945,0.917356,0.930135,0.907278,0.931749,0.943705,0.93118,0.931884,0.940918,0.938367,0.936399,0.93374,0.752182,0.913797,0.947061,0.933175,0.940408,0.935921,0.909554,0.937224,0.941346,0.860261,0.944453,0.957874,0.934446,0.918285,0.930608,0.927282,0.899176,0.915581,0.944544,0.94718,0.940947,0.906359,0.924852,0.897065,0.940776,0.950298,0.868968,0.932186,0.944596,0.784745,0.936508,0.928821,0.705754,0.867254,0.949175,0.892455,0.936844,0.912776,0.955257,0.916416,0.943428,0.903704,0.939825,0.942558,1.0,0.926845,0.772977,0.882203,0.914193,0.946229,0.925459
Sir William Lucas,0.933889,0.968011,0.970163,0.955948,0.852206,0.953595,0.961594,0.977641,0.970731,0.975354,0.955378,0.972515,0.957187,0.956671,0.954613,0.927718,0.973587,0.968172,0.970561,0.970759,0.978228,0.957553,0.973933,0.917912,0.973833,0.979257,0.973106,0.82482,0.957289,0.972745,0.971752,0.937505,0.974202,0.798753,0.970224,0.972046,0.92903,0.972631,0.947084,0.971625,0.966648,0.938295,0.963615,0.967671,0.965719,0.963723,0.965928,0.816426,0.950167,0.947943,0.941884,0.970979,0.960714,0.931015,0.964954,0.970707,0.921616,0.975105,0.953763,0.95074,0.951089,0.969285,0.937983,0.938291,0.953818,0.913063,0.959255,0.958494,0.938522,0.957006,0.922269,0.968907,0.935735,0.8986,0.956572,0.957652,0.807676,0.966897,0.951633,0.667652,0.893306,0.963064,0.917096,0.953334,0.929027,0.955126,0.951475,0.969428,0.932794,0.958254,0.971969,0.926845,1.0,0.772632,0.916547,0.956372,0.942037,0.940619
Susan Price,0.791457,0.798707,0.797155,0.797544,0.720912,0.776685,0.804142,0.804444,0.809023,0.795639,0.799572,0.782721,0.78536,0.791307,0.793395,0.762189,0.821423,0.785106,0.804564,0.802147,0.801586,0.788162,0.796465,0.758176,0.816102,0.794824,0.806213,0.681697,0.819315,0.797813,0.799397,0.759527,0.795011,0.646699,0.808227,0.813636,0.76158,0.80238,0.793146,0.795445,0.797617,0.804429,0.801068,0.800245,0.814823,0.828676,0.809319,0.611775,0.780341,0.766816,0.797124,0.793956,0.811372,0.775885,0.819588,0.798649,0.73374,0.808357,0.789675,0.790253,0.776381,0.780565,0.769016,0.761125,0.797718,0.757143,0.80507,0.796648,0.792461,0.805165,0.779869,0.799973,0.757041,0.719617,0.789414,0.808186,0.664581,0.801182,0.786851,0.652542,0.800156,0.802879,0.769913,0.828567,0.842551,0.787273,0.768938,0.795175,0.783416,0.791284,0.818719,0.772977,0.772632,1.0,0.756929,0.76238,0.77168,0.826512
Thomas Palmer,0.872121,0.913476,0.931226,0.881373,0.845232,0.927004,0.940108,0.91683,0.952909,0.919781,0.905644,0.908161,0.922385,0.937603,0.920506,0.902276,0.925226,0.939811,0.926879,0.9442,0.939777,0.906983,0.929303,0.845538,0.940792,0.930854,0.933386,0.817909,0.930268,0.927331,0.924395,0.903796,0.926994,0.726148,0.906336,0.933184,0.899098,0.916534,0.929893,0.922189,0.913647,0.901545,0.916335,0.945963,0.912172,0.932715,0.907226,0.785465,0.932644,0.904573,0.907134,0.939195,0.916469,0.904054,0.926034,0.943158,0.86282,0.921061,0.908933,0.87991,0.911441,0.915817,0.860895,0.906226,0.922259,0.859781,0.91715,0.906522,0.906181,0.930131,0.864081,0.907512,0.882349,0.869076,0.903969,0.91968,0.764683,0.914435,0.897323,0.63072,0.893123,0.930103,0.881738,0.888554,0.882624,0.907381,0.88874,0.90199,0.888078,0.935829,0.926938,0.882203,0.916547,0.756929,1.0,0.868206,0.884822,0.898823
William Collins,0.9288,0.956832,0.955485,0.951359,0.8273,0.927012,0.936827,0.964884,0.938133,0.950899,0.95106,0.963977,0.933113,0.938628,0.935475,0.910092,0.956089,0.943988,0.956174,0.954183,0.961798,0.949279,0.961082,0.913549,0.952102,0.965911,0.953379,0.772641,0.928542,0.957347,0.95449,0.905221,0.956582,0.82461,0.95523,0.947672,0.911563,0.958906,0.931693,0.964403,0.958941,0.931859,0.939232,0.946896,0.938805,0.943087,0.967779,0.786582,0.928563,0.945481,0.934085,0.956866,0.94678,0.908694,0.937764,0.946948,0.895003,0.958072,0.946356,0.952407,0.940496,0.966976,0.939333,0.906329,0.916711,0.913398,0.944683,0.952787,0.912485,0.933185,0.91913,0.971829,0.919474,0.860764,0.956413,0.948202,0.822154,0.960009,0.94166,0.692517,0.866018,0.947754,0.913145,0.952866,0.923292,0.953305,0.950215,0.95733,0.939404,0.929245,0.956362,0.914193,0.956372,0.76238,0.868206,1.0,0.937092,0.918772
William Elliot,0.93116,0.955359,0.964317,0.945849,0.832047,0.932274,0.94557,0.947574,0.93529,0.944603,0.954587,0.939571,0.929028,0.943579,0.931264,0.899428,0.951504,0.94249,0.948726,0.951134,0.947295,0.961159,0.956222,0.901234,0.944038,0.948714,0.950096,0.785089,0.933766,0.954086,0.948427,0.922652,0.951567,0.822899,0.945738,0.943706,0.921719,0.942481,0.914294,0.943725,0.954829,0.932385,0.928967,0.946545,0.939889,0.932332,0.940972,0.763852,0.914671,0.948241,0.937732,0.951387,0.930653,0.903978,0.937056,0.948147,0.888585,0.95,0.952549,0.942715,0.923866,0.938916,0.925736,0.902788,0.918414,0.926802,0.943988,0.946944,0.910395,0.926906,0.9172,0.941457,0.93822,0.861974,0.945553,0.946946,0.786075,0.941073,0.929414,0.708346,0.874974,0.940626,0.913353,0.940588,0.920458,0.96505,0.927641,0.951564,0.916213,0.932581,0.945785,0.946229,0.942037,0.77168,0.884822,0.937092,1.0,0.915854
William Price,0.952099,0.953027,0.956735,0.949766,0.85603,0.939371,0.959733,0.954424,0.960941,0.946275,0.956189,0.94753,0.94262,0.940652,0.932987,0.909768,0.971555,0.945343,0.96073,0.95323,0.956437,0.945528,0.954968,0.902103,0.966151,0.948275,0.963107,0.81554,0.950279,0.95381,0.945798,0.904891,0.95248,0.787851,0.967862,0.962967,0.911294,0.960442,0.933357,0.949402,0.952796,0.933894,0.966304,0.95277,0.959851,0.96621,0.951075,0.774273,0.933957,0.921979,0.941389,0.950023,0.963432,0.916967,0.963215,0.953911,0.870969,0.96556,0.950484,0.940599,0.939498,0.946287,0.92875,0.906126,0.947479,0.907491,0.961137,0.953562,0.931371,0.951684,0.91697,0.956084,0.930001,0.866977,0.946759,0.952906,0.797561,0.951361,0.951559,0.716198,0.909664,0.964752,0.912172,0.968031,0.953047,0.939761,0.923143,0.950368,0.921991,0.957798,0.968,0.925459,0.940619,0.826512,0.898823,0.918772,0.915854,1.0
