character,Admiral Croft,Anna Weston,Anne Elliot,Augusta Elton,Captain Benwick,Captain Harville,Captain Wentworth,Caroline Bingley,Catherine Morland,Charles Bingley,Charles Musgrove,Charlotte Lucas,Charlotte Palmer,Colonel Brandon,Colonel Fitzwilliam,Edmund Bertram,Edward Ferrars,Eleanor Tilney,Elinor Dashwood,Elizabeth Bennet,Elizabeth Elliot,Emma Woodhouse,Fanny Dashwood,Fanny Price,Fitzwilliam Darcy,Frank Churchill,Frederick Tilney,General Tilney,George Knightley,George Wickham,Georgiana Darcy,Harriet Smith,Henrietta Musgrove,Henry Crawford,Henry Tilney,Isabella Knightley,Isabella Thorpe,James Morland,Jane Bennet,Jane Fairfax,John Dashwood,John Knightley,John Thorpe,John Willoughby,Julia Bertram,Kitty Bennet,Lady Bertram,Lady Catherine de Bourgh,Lady Middleton,Lady Russell,Louisa Musgrove,Lucy Steele,Lydia Bennet,Margaret Dashwood,Maria Bertram,Marianne Dashwood,Mary Bennet,Mary Crawford,Mary Musgrove,Miss Bates,Mr. Allen,Mr. Bennet,Mr. Gardiner,Mr. Hurst,Mr. Musgrove,Mr. Perry,Mr. Rushworth,Mr. Shepherd,Mr. Weston,Mr. Woodhouse,Mr. Yates,Mrs. Allen,Mrs. Bates,Mrs. Bennet,Mrs. Clay,Mrs. Croft,Mrs. Dashwood,Mrs. Ferrars,Mrs. Gardiner,Mrs. Grant,Mrs. Hurst,Mrs. Jennings,Mrs. Morland,Mrs. Musgrove,Mrs. Norris,Mrs. Phillips,Mrs. Price,Mrs. Rushworth,Mrs. Smith,Mrs. Thorpe,Philip Elton,Robert Ferrars,Robert Martin,Sir John Middleton,Sir Thomas Bertram,Sir Walter Elliot,Sir William Lucas,Susan Price,Thomas Palmer,Tom Bertram,William Collins,William Elliot,William Price
Admiral Croft,1.0,0.958907,0.94443,0.967745,0.932613,0.96367,0.936726,0.932,0.934976,0.922971,0.939175,0.931554,0.934628,0.973064,0.86751,0.927286,0.96487,0.947065,0.951803,0.926949,0.91471,0.953325,0.837935,0.931861,0.929407,0.945227,0.894771,0.952479,0.953435,0.938355,0.840483,0.962863,0.869464,0.932164,0.93853,0.862511,0.927117,0.935507,0.905223,0.949503,0.894911,0.95811,0.914187,0.955431,0.924062,0.879886,0.898319,0.931547,0.859949,0.893514,0.960244,0.951596,0.916041,0.887549,0.897744,0.963439,0.787776,0.935197,0.921964,0.933945,0.892128,0.895735,0.908504,0.870801,0.800925,0.908704,0.919647,0.917136,0.945219,0.943011,0.893068,0.949313,0.899516,0.914804,0.89427,0.932637,0.914641,0.945212,0.915229,0.918249,0.869461,0.953174,0.886849,0.926546,0.92895,0.758508,0.871563,0.775424,0.965522,0.910073,0.932566,0.928372,0.85411,0.96472,0.915138,0.945017,0.869521,0.55002,0.956261,0.877472,0.907549,0.941585,0.898785
Anna Weston,0.958907,1.0,0.985011,0.982922,0.951375,0.971749,0.979086,0.973139,0.98267,0.973651,0.964072,0.970408,0.94887,0.977796,0.922676,0.977121,0.980866,0.976892,0.987271,0.979117,0.956589,0.99243,0.896587,0.982094,0.97699,0.984315,0.939303,0.96933,0.992117,0.977141,0.911148,0.988219,0.901041,0.97701,0.976187,0.897533,0.974651,0.967855,0.966739,0.987034,0.951651,0.970858,0.950777,0.981242,0.968302,0.941933,0.937268,0.968438,0.912717,0.942957,0.962802,0.978934,0.961698,0.891923,0.954452,0.985735,0.808702,0.979652,0.965172,0.973149,0.908227,0.949846,0.957273,0.903809,0.832604,0.968004,0.972577,0.942264,0.982179,0.985546,0.935874,0.972007,0.929089,0.968691,0.922276,0.965616,0.964219,0.953588,0.965174,0.967591,0.861378,0.984723,0.938916,0.965645,0.978546,0.772124,0.918244,0.761832,0.981946,0.919706,0.976288,0.914811,0.903818,0.980743,0.971964,0.950113,0.918429,0.633293,0.981417,0.932409,0.965364,0.972142,0.954695
Anne Elliot,0.94443,0.985011,1.0,0.970199,0.959975,0.974925,0.992163,0.975262,0.985357,0.976941,0.973025,0.97109,0.94415,0.967784,0.923485,0.980113,0.974563,0.975995,0.986797,0.983545,0.970089,0.987948,0.906404,0.984482,0.981524,0.978269,0.94609,0.962793,0.987406,0.978562,0.914597,0.980418,0.916432,0.978584,0.977268,0.901862,0.977988,0.964521,0.972633,0.982591,0.953811,0.96268,0.954628,0.978807,0.965299,0.945751,0.943388,0.965118,0.918976,0.963855,0.959613,0.977222,0.961096,0.88981,0.955304,0.982427,0.805382,0.979823,0.979735,0.970054,0.902418,0.953281,0.96167,0.907049,0.821197,0.964736,0.974522,0.952103,0.979591,0.980375,0.932327,0.966822,0.916666,0.971952,0.937478,0.972776,0.96823,0.948098,0.969847,0.968865,0.848877,0.983559,0.945085,0.970813,0.980783,0.771202,0.923036,0.759111,0.983388,0.922761,0.974436,0.90086,0.906051,0.976421,0.978718,0.954707,0.921264,0.674012,0.978207,0.932671,0.970416,0.985413,0.965314
Augusta Elton,0.967745,0.982922,0.970199,1.0,0.942261,0.974359,0.960503,0.960808,0.963054,0.954035,0.945618,0.961371,0.944076,0.982684,0.8885,0.955077,0.982571,0.965124,0.977856,0.958881,0.941625,0.986037,0.880925,0.962076,0.960254,0.97966,0.920217,0.964462,0.982886,0.961766,0.893976,0.988314,0.8889,0.959521,0.960474,0.89595,0.954731,0.952942,0.945537,0.984062,0.926737,0.975603,0.929401,0.977939,0.946688,0.914386,0.925045,0.951866,0.891138,0.924909,0.969555,0.975428,0.944321,0.889812,0.930564,0.980568,0.798105,0.959764,0.947974,0.973041,0.899812,0.92646,0.933363,0.899006,0.793708,0.943968,0.947117,0.925551,0.976096,0.977857,0.909192,0.968511,0.917809,0.950307,0.908657,0.953932,0.950373,0.965853,0.949496,0.949508,0.858059,0.979536,0.92499,0.947549,0.958359,0.769509,0.891224,0.751168,0.978862,0.921667,0.969426,0.924819,0.884106,0.973506,0.948534,0.951352,0.897786,0.614703,0.979591,0.907648,0.949739,0.960834,0.934243
Captain Benwick,0.932613,0.951375,0.959975,0.942261,1.0,0.955824,0.952314,0.940247,0.946621,0.944032,0.948088,0.938922,0.918664,0.947437,0.885527,0.946269,0.951843,0.945378,0.952814,0.944013,0.928333,0.95171,0.877287,0.947232,0.942644,0.940249,0.91274,0.937667,0.951667,0.940039,0.870083,0.950577,0.887932,0.936575,0.942442,0.862729,0.941593,0.93378,0.93077,0.943629,0.912896,0.933649,0.923366,0.946175,0.929719,0.903468,0.911522,0.933262,0.877134,0.921404,0.9332,0.946918,0.930799,0.889777,0.916371,0.956737,0.784071,0.943599,0.952939,0.937033,0.88433,0.914988,0.9225,0.880657,0.790512,0.914754,0.927667,0.904749,0.943045,0.941109,0.889828,0.946033,0.894718,0.931466,0.89593,0.941518,0.93317,0.925092,0.932735,0.932525,0.832663,0.951627,0.906728,0.940711,0.941944,0.755915,0.889984,0.748696,0.95742,0.906619,0.938384,0.901036,0.866085,0.955262,0.934376,0.918096,0.885842,0.614407,0.949112,0.895952,0.929608,0.952763,0.924296
Captain Harville,0.96367,0.971749,0.974925,0.974359,0.955824,1.0,0.96717,0.955528,0.962761,0.955256,0.956199,0.953688,0.944448,0.980861,0.899089,0.958073,0.980097,0.966258,0.97622,0.960434,0.944779,0.975987,0.882502,0.96098,0.960562,0.965893,0.930819,0.95687,0.974806,0.963074,0.880886,0.97948,0.908469,0.959337,0.963413,0.879674,0.957979,0.952525,0.949285,0.968613,0.92812,0.95972,0.939364,0.977762,0.939085,0.902932,0.930048,0.945157,0.893951,0.925095,0.964516,0.974333,0.942743,0.901547,0.925216,0.979381,0.797982,0.956064,0.94814,0.956052,0.899984,0.92338,0.94011,0.88999,0.808368,0.928429,0.943645,0.926075,0.966586,0.96158,0.902703,0.964657,0.902061,0.943803,0.912042,0.954182,0.949605,0.96325,0.94887,0.94287,0.860086,0.974621,0.921614,0.951305,0.952756,0.773908,0.888436,0.753328,0.978112,0.921801,0.957308,0.927663,0.880868,0.973739,0.946624,0.944397,0.89437,0.623069,0.971154,0.899456,0.943387,0.96491,0.936801
Captain Wentworth,0.936726,0.979086,0.992163,0.960503,0.952314,0.96717,1.0,0.969175,0.981536,0.973438,0.967515,0.96614,0.938446,0.957445,0.916944,0.977022,0.965209,0.97035,0.978371,0.977899,0.960746,0.979618,0.899715,0.981348,0.974713,0.970614,0.938585,0.956979,0.979629,0.972265,0.910341,0.971264,0.916364,0.974215,0.973433,0.899691,0.973007,0.95845,0.96743,0.974635,0.949968,0.95851,0.950154,0.969248,0.962333,0.941612,0.940124,0.960558,0.914506,0.957134,0.95446,0.96831,0.9616,0.886219,0.953748,0.973333,0.804003,0.977792,0.971124,0.958767,0.894537,0.946765,0.956651,0.899424,0.828021,0.962504,0.974007,0.947353,0.971669,0.973004,0.93531,0.961748,0.90897,0.968304,0.934648,0.969191,0.956333,0.936875,0.964093,0.965828,0.8467,0.975666,0.939746,0.973038,0.978499,0.768246,0.932088,0.748642,0.972954,0.915997,0.967629,0.890329,0.897478,0.97197,0.975463,0.947022,0.91443,0.664978,0.968925,0.931513,0.962877,0.974782,0.9632
Caroline Bingley,0.932,0.973139,0.975262,0.960808,0.940247,0.955528,0.969175,1.0,0.981987,0.9838,0.947063,0.980672,0.928444,0.952439,0.927477,0.97611,0.961979,0.969276,0.974221,0.987061,0.954274,0.976675,0.902865,0.980253,0.988353,0.967644,0.937346,0.961603,0.976744,0.977384,0.910137,0.967825,0.888348,0.976322,0.970189,0.898217,0.978166,0.957738,0.975734,0.970668,0.93706,0.953497,0.949533,0.964335,0.964629,0.944558,0.938325,0.96452,0.903487,0.940376,0.935361,0.966452,0.96696,0.883397,0.956944,0.970549,0.813438,0.978337,0.956519,0.96104,0.898419,0.958431,0.95961,0.922056,0.802794,0.955002,0.972901,0.921061,0.963206,0.971374,0.931262,0.969697,0.905243,0.980036,0.927379,0.955887,0.9561,0.931959,0.972565,0.971338,0.850948,0.970322,0.94349,0.955991,0.977577,0.767083,0.916919,0.737038,0.96075,0.93033,0.966846,0.900026,0.89759,0.968922,0.971924,0.938101,0.933908,0.662172,0.962637,0.938078,0.979482,0.956302,0.960801
Catherine Morland,0.934976,0.98267,0.985357,0.963054,0.946621,0.962761,0.981536,0.981987,1.0,0.985675,0.960876,0.97641,0.939936,0.960638,0.936006,0.987637,0.968795,0.985402,0.983236,0.990757,0.95897,0.983904,0.9087,0.994012,0.987012,0.973622,0.953842,0.971428,0.984323,0.983433,0.91922,0.974002,0.892284,0.987901,0.987954,0.900034,0.99372,0.97254,0.977847,0.976388,0.952876,0.959787,0.966981,0.973712,0.975333,0.953529,0.953127,0.973314,0.917355,0.94607,0.946721,0.97179,0.971622,0.891552,0.968794,0.977889,0.810796,0.990848,0.966185,0.962587,0.910908,0.95714,0.96837,0.912549,0.836151,0.96612,0.985135,0.932149,0.974335,0.975876,0.946295,0.977319,0.910812,0.982227,0.925617,0.963878,0.963684,0.937819,0.973681,0.977068,0.85969,0.979896,0.953631,0.966502,0.988888,0.76803,0.933731,0.75094,0.967605,0.924784,0.969778,0.894103,0.900013,0.97735,0.986282,0.935917,0.935334,0.659969,0.972785,0.943277,0.975068,0.966385,0.971679
Charles Bingley,0.922971,0.973651,0.976941,0.954035,0.944032,0.955256,0.973438,0.9838,0.985675,1.0,0.950482,0.981544,0.92868,0.951074,0.937158,0.97961,0.959769,0.971788,0.976099,0.993081,0.95133,0.976339,0.907018,0.984934,0.989199,0.966408,0.94395,0.95933,0.977203,0.983502,0.919575,0.966299,0.888242,0.978552,0.975577,0.894314,0.983729,0.960555,0.985997,0.966978,0.944167,0.949924,0.951626,0.965038,0.966634,0.955209,0.94229,0.964762,0.907992,0.94195,0.932593,0.966181,0.973843,0.884923,0.96309,0.971143,0.808144,0.981962,0.959849,0.95839,0.90192,0.964654,0.966836,0.912279,0.817528,0.956641,0.975885,0.918488,0.963997,0.970823,0.931554,0.969084,0.90549,0.986188,0.919904,0.959674,0.95875,0.931543,0.979217,0.974479,0.849858,0.970613,0.944241,0.961182,0.979106,0.764189,0.92063,0.74202,0.958083,0.927094,0.963744,0.893073,0.89792,0.97055,0.976601,0.927006,0.928202,0.658692,0.965456,0.935641,0.979721,0.957442,0.965452
Charles Musgrove,0.939175,0.964072,0.973025,0.945618,0.948088,0.956199,0.967515,0.947063,0.960876,0.950482,1.0,0.941978,0.927383,0.954484,0.90805,0.956068,0.954076,0.959101,0.962578,0.956338,0.938237,0.959775,0.872993,0.957526,0.950245,0.945918,0.935831,0.94588,0.961325,0.95536,0.872025,0.956581,0.892922,0.952407,0.954722,0.866586,0.955207,0.949769,0.940781,0.952465,0.925546,0.939662,0.94191,0.954783,0.944444,0.926496,0.918604,0.949144,0.890437,0.925574,0.944684,0.949878,0.941946,0.878962,0.922526,0.965002,0.784646,0.953823,0.960819,0.938477,0.890465,0.938128,0.94116,0.881085,0.835654,0.938515,0.944556,0.922425,0.953168,0.950742,0.909305,0.947835,0.898316,0.941025,0.903992,0.948205,0.94001,0.926814,0.938021,0.940304,0.843598,0.95866,0.915619,0.948395,0.952706,0.764933,0.900789,0.759649,0.962604,0.909397,0.938003,0.894162,0.878759,0.962025,0.949019,0.931022,0.904335,0.631256,0.956335,0.906911,0.933539,0.957623,0.937983
Charlotte Lucas,0.931554,0.970408,0.97109,0.961371,0.938922,0.953688,0.96614,0.980672,0.97641,0.981544,0.941978,1.0,0.92742,0.95342,0.920885,0.970453,0.960164,0.968315,0.972439,0.982678,0.950942,0.973613,0.899619,0.976535,0.981501,0.965399,0.929926,0.962533,0.973452,0.976304,0.923121,0.965428,0.880449,0.97255,0.967615,0.892186,0.96993,0.954666,0.971228,0.967926,0.936168,0.952347,0.942262,0.962269,0.959905,0.941777,0.935389,0.96269,0.8997,0.938385,0.932078,0.965341,0.963698,0.885033,0.954649,0.968035,0.802523,0.973598,0.951164,0.957805,0.905453,0.951053,0.95405,0.915491,0.800088,0.948816,0.963968,0.918425,0.962124,0.967703,0.924306,0.96887,0.901106,0.977964,0.915002,0.9598,0.951418,0.934077,0.973038,0.968109,0.844578,0.969623,0.935602,0.955665,0.972117,0.765183,0.908372,0.746656,0.959034,0.930635,0.961665,0.903004,0.888125,0.968558,0.967984,0.929843,0.92269,0.641911,0.965379,0.928049,0.976748,0.954326,0.953701
Charlotte Palmer,0.934628,0.94887,0.94415,0.944076,0.918664,0.944448,0.938446,0.928444,0.939936,0.92868,0.927383,0.92742,1.0,0.955877,0.878773,0.934348,0.955221,0.942211,0.952874,0.932857,0.911448,0.947897,0.873044,0.939162,0.927426,0.942096,0.899987,0.935363,0.944614,0.928856,0.868107,0.947611,0.879886,0.927668,0.938863,0.863219,0.929691,0.926613,0.918518,0.942423,0.909109,0.931609,0.91699,0.953221,0.929847,0.902974,0.908449,0.925357,0.911735,0.905765,0.932684,0.945212,0.929802,0.887035,0.906599,0.951495,0.760167,0.935203,0.926535,0.933654,0.872287,0.909653,0.915683,0.851709,0.821201,0.920188,0.925371,0.900637,0.946107,0.939633,0.896028,0.936507,0.892757,0.922799,0.876041,0.920224,0.929299,0.936229,0.919102,0.91437,0.83651,0.95562,0.888378,0.918148,0.934777,0.765181,0.883413,0.754918,0.943805,0.891029,0.938211,0.901109,0.867041,0.954463,0.928434,0.912286,0.864075,0.59746,0.953279,0.892101,0.915617,0.941263,0.906863
Colonel Brandon,0.973064,0.977796,0.967784,0.982684,0.947437,0.980861,0.957445,0.952439,0.960638,0.951074,0.954484,0.95342,0.955877,1.0,0.899749,0.955745,0.991733,0.970588,0.984612,0.957491,0.93266,0.977255,0.886182,0.958341,0.956914,0.967637,0.926883,0.964108,0.975525,0.96374,0.886263,0.983702,0.894478,0.953936,0.965492,0.878048,0.952212,0.955146,0.942707,0.971307,0.933478,0.969183,0.938041,0.988091,0.946337,0.908791,0.926444,0.953067,0.909348,0.919997,0.971865,0.981946,0.9443,0.914136,0.92258,0.990069,0.796792,0.954947,0.945035,0.958554,0.902877,0.926357,0.942797,0.886073,0.822521,0.933244,0.940407,0.923127,0.968263,0.963197,0.906594,0.967357,0.916261,0.941187,0.895864,0.951736,0.95742,0.976946,0.945074,0.939161,0.872377,0.984044,0.916207,0.945186,0.951061,0.780802,0.883041,0.777836,0.979983,0.919219,0.955639,0.942208,0.873234,0.978213,0.943285,0.945834,0.889639,0.584819,0.981301,0.89991,0.93818,0.964364,0.925486
Colonel Fitzwilliam,0.86751,0.922676,0.923485,0.8885,0.885527,0.899089,0.916944,0.927477,0.936006,0.937158,0.90805,0.920885,0.878773,0.899749,1.0,0.934149,0.902576,0.921995,0.923953,0.948377,0.902503,0.921349,0.866449,0.934961,0.941303,0.911049,0.895936,0.900203,0.922916,0.940152,0.876921,0.906743,0.839978,0.929203,0.92937,0.822167,0.934441,0.920168,0.934915,0.910022,0.897489,0.884965,0.91986,0.915469,0.925229,0.919908,0.893845,0.913637,0.869473,0.888855,0.867748,0.909895,0.917785,0.836341,0.916379,0.917003,0.753342,0.927357,0.904496,0.895258,0.84955,0.924183,0.940263,0.842286,0.808406,0.904745,0.925553,0.872342,0.915236,0.906773,0.885938,0.906152,0.844902,0.936839,0.847121,0.906558,0.916187,0.868643,0.923397,0.91047,0.820615,0.917433,0.880686,0.896632,0.923343,0.736442,0.863571,0.726919,0.901642,0.855563,0.903958,0.833022,0.866861,0.919145,0.931205,0.869642,0.878457,0.602996,0.909766,0.886475,0.927127,0.907054,0.903478
Edmund Bertram,0.927286,0.977121,0.980113,0.955077,0.946269,0.958073,0.977022,0.97611,0.987637,0.97961,0.956068,0.970453,0.934348,0.955745,0.934149,1.0,0.965221,0.973951,0.980423,0.984741,0.954038,0.97821,0.909255,0.993774,0.982416,0.97031,0.950841,0.959542,0.978865,0.976827,0.915803,0.9675,0.899104,0.984942,0.979703,0.894089,0.981506,0.964058,0.975319,0.969828,0.952332,0.950465,0.959542,0.969204,0.977231,0.948831,0.959589,0.965991,0.916035,0.948465,0.936765,0.970035,0.965815,0.892629,0.969247,0.973586,0.811683,0.987051,0.961498,0.959693,0.900649,0.951075,0.963589,0.90356,0.825048,0.959402,0.981635,0.931612,0.968279,0.969515,0.946391,0.96542,0.91022,0.975069,0.917358,0.958273,0.961232,0.935016,0.967905,0.973739,0.850495,0.975136,0.944666,0.95903,0.986996,0.773721,0.929592,0.7529,0.961973,0.915718,0.966883,0.894982,0.902942,0.969207,0.988787,0.928566,0.92649,0.677097,0.964623,0.948278,0.969943,0.963266,0.976707
Edward Ferrars,0.96487,0.980866,0.974563,0.982571,0.951843,0.980097,0.965209,0.961979,0.968795,0.959769,0.954076,0.960164,0.955221,0.991733,0.902576,0.965221,1.0,0.97147,0.990526,0.965861,0.9412,0.982385,0.902357,0.96752,0.965633,0.973553,0.933524,0.966086,0.98043,0.967135,0.895046,0.985003,0.901127,0.961356,0.968909,0.890057,0.960954,0.956779,0.953857,0.976137,0.948961,0.969019,0.942381,0.989833,0.953851,0.918341,0.931671,0.955304,0.917052,0.933917,0.96845,0.989199,0.950948,0.916913,0.933826,0.991962,0.80358,0.964239,0.952752,0.966295,0.902076,0.934907,0.947665,0.897535,0.814401,0.943367,0.952389,0.929117,0.972095,0.971229,0.915714,0.967862,0.92173,0.951536,0.906938,0.955829,0.965353,0.978997,0.95468,0.952712,0.862413,0.988549,0.925864,0.951695,0.962822,0.780603,0.896355,0.764195,0.979938,0.920626,0.965373,0.94221,0.882833,0.977936,0.954703,0.949054,0.900438,0.61605,0.981735,0.917003,0.950071,0.966488,0.941547
Eleanor Tilney,0.947065,0.976892,0.975995,0.965124,0.945378,0.966258,0.97035,0.969276,0.985402,0.971788,0.959101,0.968315,0.942211,0.970588,0.921995,0.973951,0.97147,1.0,0.978188,0.977351,0.943824,0.975479,0.896308,0.980099,0.973773,0.963236,0.940672,0.977747,0.975333,0.977228,0.907172,0.971651,0.881956,0.973492,0.981836,0.884851,0.97571,0.968998,0.959609,0.967789,0.943457,0.961368,0.956962,0.972646,0.964914,0.938842,0.943876,0.966671,0.914236,0.929541,0.957003,0.968825,0.960635,0.902473,0.948781,0.978686,0.801077,0.977113,0.95798,0.95639,0.913544,0.943246,0.961587,0.902695,0.845009,0.95176,0.964791,0.918757,0.968826,0.965983,0.931239,0.980509,0.903954,0.965851,0.905166,0.960881,0.95404,0.941756,0.961502,0.957034,0.879706,0.977549,0.933467,0.95904,0.973768,0.773964,0.9202,0.767663,0.970207,0.933145,0.95777,0.909952,0.87768,0.977369,0.966966,0.936007,0.91768,0.61642,0.971847,0.921287,0.960745,0.963401,0.948485
Elinor Dashwood,0.951803,0.987271,0.986797,0.977856,0.952814,0.97622,0.978371,0.974221,0.983236,0.976099,0.962578,0.972439,0.952874,0.984612,0.923953,0.980423,0.990526,0.978188,1.0,0.982592,0.957335,0.99007,0.918845,0.983133,0.980853,0.980854,0.947398,0.967531,0.98923,0.979348,0.915608,0.986303,0.905319,0.976957,0.979372,0.900861,0.97658,0.96484,0.973654,0.98319,0.964033,0.967565,0.953646,0.994238,0.966674,0.938459,0.943739,0.966275,0.929925,0.951342,0.959473,0.991652,0.963562,0.911667,0.95294,0.99515,0.811801,0.977985,0.966155,0.972403,0.904371,0.951886,0.964098,0.905789,0.825544,0.958874,0.970108,0.938732,0.979186,0.979634,0.929708,0.971387,0.92247,0.970588,0.92229,0.967108,0.978934,0.971175,0.969209,0.968044,0.860209,0.994865,0.940527,0.964126,0.977182,0.777071,0.912705,0.761296,0.979826,0.92244,0.975563,0.92512,0.901703,0.981306,0.973633,0.946746,0.914595,0.645911,0.985254,0.932902,0.968928,0.974099,0.9604
Elizabeth Bennet,0.926949,0.979117,0.983545,0.958881,0.944013,0.960434,0.977899,0.987061,0.990757,0.993081,0.956338,0.982678,0.932857,0.957491,0.948377,0.984741,0.965861,0.977351,0.982592,1.0,0.958388,0.982661,0.913071,0.989886,0.995279,0.9718,0.948118,0.962039,0.98334,0.990539,0.929293,0.971963,0.89522,0.983744,0.980718,0.895586,0.985998,0.96471,0.990995,0.974391,0.953993,0.954355,0.959619,0.972872,0.971498,0.958811,0.947712,0.96861,0.916051,0.950188,0.938278,0.972189,0.974893,0.886223,0.965249,0.975697,0.809289,0.985673,0.96469,0.962581,0.903388,0.968218,0.97972,0.913094,0.822827,0.961337,0.981162,0.929384,0.971938,0.9742,0.937793,0.968919,0.909921,0.990109,0.922057,0.963147,0.96877,0.935869,0.983444,0.977027,0.853056,0.977954,0.948714,0.964305,0.98348,0.768475,0.922495,0.746785,0.963959,0.922706,0.968962,0.892364,0.903331,0.971925,0.983466,0.932555,0.93051,0.665827,0.969834,0.940036,0.985819,0.96519,0.96859
Elizabeth Elliot,0.91471,0.956589,0.970089,0.941625,0.928333,0.944779,0.960746,0.954274,0.95897,0.95133,0.938237,0.950942,0.911448,0.93266,0.902503,0.954038,0.9412,0.943824,0.957335,0.958388,1.0,0.962629,0.888682,0.960433,0.958097,0.954069,0.919378,0.928863,0.961415,0.949706,0.898426,0.951193,0.888913,0.957588,0.948162,0.888149,0.954135,0.935865,0.947981,0.956475,0.931253,0.932062,0.928291,0.947222,0.939785,0.917149,0.921733,0.936868,0.888534,0.941594,0.921022,0.947467,0.936465,0.859622,0.933084,0.948563,0.775775,0.952753,0.951597,0.946765,0.868426,0.9238,0.939042,0.882336,0.7891,0.945258,0.948975,0.930253,0.952706,0.960486,0.909785,0.938531,0.886889,0.95349,0.920938,0.940952,0.939961,0.915765,0.942281,0.943543,0.824089,0.955102,0.924371,0.94519,0.954718,0.754894,0.89212,0.721319,0.947691,0.897432,0.95282,0.865061,0.890912,0.94488,0.955755,0.923013,0.896083,0.683034,0.950038,0.91496,0.956409,0.95202,0.943011
Emma Woodhouse,0.953325,0.99243,0.987948,0.986037,0.95171,0.975987,0.979618,0.976675,0.983904,0.976339,0.959775,0.973613,0.947897,0.977255,0.921349,0.97821,0.982385,0.975479,0.99007,0.982661,0.962629,1.0,0.908412,0.983213,0.981573,0.992359,0.943799,0.964825,0.997662,0.978407,0.912917,0.993784,0.909498,0.978406,0.977772,0.910671,0.977209,0.963844,0.973771,0.992922,0.951016,0.971122,0.952273,0.985232,0.967216,0.939498,0.944365,0.966059,0.915218,0.950331,0.960683,0.982775,0.961736,0.896767,0.954161,0.986009,0.808295,0.978046,0.967323,0.983098,0.903305,0.950389,0.960671,0.908666,0.820284,0.965437,0.972107,0.939961,0.987652,0.989382,0.928889,0.970071,0.928178,0.971947,0.925865,0.965346,0.969857,0.959626,0.970723,0.970564,0.853394,0.988054,0.945351,0.963998,0.9773,0.776825,0.913626,0.752258,0.980067,0.923212,0.985956,0.912783,0.92145,0.979451,0.974044,0.949533,0.919821,0.65466,0.982832,0.932642,0.970696,0.976347,0.95998
Fanny Dashwood,0.837935,0.896587,0.906404,0.880925,0.877287,0.882502,0.899715,0.902865,0.9087,0.907018,0.872993,0.899619,0.873044,0.886182,0.866449,0.909255,0.902357,0.896308,0.918845,0.913071,0.888682,0.908412,1.0,0.913615,0.907597,0.898135,0.871739,0.875054,0.905953,0.891721,0.861124,0.894468,0.842006,0.893104,0.903429,0.839862,0.905244,0.8793,0.911007,0.895101,0.889556,0.870541,0.882472,0.912738,0.896295,0.881459,0.879495,0.883964,0.882808,0.888227,0.859536,0.919196,0.903966,0.866288,0.885926,0.902274,0.73238,0.895744,0.895692,0.894889,0.796161,0.877328,0.899142,0.836027,0.772852,0.884128,0.892356,0.842445,0.895282,0.901974,0.846635,0.891177,0.837746,0.908111,0.837742,0.878291,0.917825,0.883776,0.898611,0.891226,0.782168,0.918546,0.877364,0.886137,0.901559,0.748881,0.863457,0.656733,0.87854,0.850332,0.909623,0.85971,0.843887,0.891617,0.901663,0.837947,0.839541,0.628539,0.896422,0.873719,0.908424,0.890765,0.894383
Fanny Price,0.931861,0.982094,0.984482,0.962076,0.947232,0.96098,0.981348,0.980253,0.994012,0.984934,0.957526,0.976535,0.939162,0.958341,0.934961,0.993774,0.96752,0.980099,0.983133,0.989886,0.960433,0.983213,0.913615,1.0,0.986225,0.97375,0.950407,0.966656,0.983603,0.981581,0.924844,0.972217,0.896801,0.990497,0.98296,0.89914,0.987617,0.966942,0.978437,0.975231,0.956875,0.956456,0.960645,0.971802,0.979772,0.953461,0.964939,0.971754,0.917235,0.948012,0.941296,0.972466,0.973169,0.891766,0.973609,0.975585,0.810756,0.992375,0.966085,0.962587,0.903921,0.953876,0.968883,0.906066,0.828411,0.963881,0.985725,0.933234,0.973485,0.975944,0.948879,0.973711,0.910933,0.983014,0.924955,0.96263,0.964263,0.938581,0.972756,0.979062,0.854237,0.980121,0.948859,0.966864,0.993261,0.770058,0.937978,0.752626,0.965797,0.923248,0.970617,0.892718,0.901615,0.974705,0.99235,0.932362,0.926988,0.679862,0.97152,0.949562,0.976917,0.965223,0.979666
Fitzwilliam Darcy,0.929407,0.97699,0.981524,0.960254,0.942644,0.960562,0.974713,0.988353,0.987012,0.989199,0.950245,0.981501,0.927426,0.956914,0.941303,0.982416,0.965633,0.973773,0.980853,0.995279,0.958097,0.981573,0.907597,0.986225,1.0,0.972368,0.946429,0.960512,0.982839,0.98847,0.924335,0.972593,0.893906,0.982784,0.978437,0.896934,0.98303,0.96082,0.986154,0.97461,0.949112,0.955802,0.95474,0.971493,0.968118,0.948165,0.944017,0.964598,0.906717,0.948886,0.938376,0.97201,0.966253,0.884939,0.963873,0.97598,0.82135,0.983581,0.960926,0.96254,0.89963,0.959354,0.971505,0.912499,0.804801,0.956797,0.979734,0.929945,0.968605,0.97376,0.93589,0.967537,0.908136,0.985439,0.926155,0.963154,0.964563,0.937053,0.977741,0.974541,0.854662,0.974524,0.95012,0.96082,0.979947,0.764231,0.914741,0.74845,0.965228,0.920953,0.968692,0.893221,0.90047,0.968593,0.978888,0.936049,0.932965,0.663238,0.966929,0.938499,0.985053,0.962239,0.965402
Frank Churchill,0.945227,0.984315,0.978269,0.97966,0.940249,0.965893,0.970614,0.967644,0.973622,0.966408,0.945918,0.965399,0.942096,0.967637,0.911049,0.97031,0.973553,0.963236,0.980854,0.9718,0.954069,0.992359,0.898135,0.97375,0.972368,1.0,0.932397,0.956238,0.988984,0.969654,0.906589,0.985948,0.907662,0.967784,0.967776,0.910914,0.966064,0.958067,0.964324,0.98679,0.940276,0.962036,0.939975,0.976249,0.959841,0.93047,0.935333,0.95587,0.90744,0.946681,0.953768,0.97467,0.951177,0.888103,0.944112,0.975079,0.803522,0.969133,0.956399,0.980752,0.893144,0.939552,0.947633,0.896915,0.805952,0.959551,0.96417,0.931612,0.980181,0.984307,0.923347,0.959481,0.925611,0.962465,0.914978,0.95344,0.955402,0.95143,0.962131,0.959726,0.842298,0.977321,0.934338,0.950141,0.968015,0.77981,0.901998,0.743969,0.968934,0.910481,0.981881,0.903497,0.921789,0.969761,0.966284,0.945688,0.908474,0.644853,0.973104,0.923319,0.95948,0.969081,0.950162
Frederick Tilney,0.894771,0.939303,0.94609,0.920217,0.91274,0.930819,0.938585,0.937346,0.953842,0.94395,0.935831,0.929926,0.899987,0.926883,0.895936,0.950841,0.933524,0.940672,0.947398,0.948118,0.919378,0.943799,0.871739,0.950407,0.946429,0.932397,1.0,0.924579,0.94651,0.943361,0.871706,0.936538,0.873319,0.945239,0.951142,0.857338,0.955354,0.929114,0.94086,0.932321,0.918507,0.911252,0.931579,0.937352,0.931958,0.909996,0.916041,0.927377,0.867158,0.906576,0.90162,0.939597,0.928442,0.863514,0.921385,0.942912,0.785833,0.945488,0.927493,0.924141,0.864994,0.923403,0.926143,0.861947,0.79652,0.916526,0.9376,0.894304,0.935251,0.935495,0.895663,0.9286,0.878053,0.934066,0.88823,0.929016,0.930046,0.915198,0.927538,0.940202,0.809501,0.937564,0.926792,0.919381,0.941193,0.741654,0.882151,0.749296,0.930969,0.893842,0.926207,0.868746,0.867666,0.929569,0.944571,0.891999,0.880959,0.660415,0.930853,0.913399,0.932924,0.924152,0.939378
General Tilney,0.952479,0.96933,0.962793,0.964462,0.937667,0.95687,0.956979,0.961603,0.971428,0.95933,0.94588,0.962533,0.935363,0.964108,0.900203,0.959542,0.966086,0.977747,0.967531,0.962039,0.928863,0.964825,0.875054,0.966656,0.960512,0.956238,0.924579,1.0,0.964304,0.966858,0.888778,0.964124,0.86791,0.959579,0.965154,0.88008,0.959899,0.960739,0.943453,0.958369,0.932358,0.958381,0.938754,0.961887,0.952166,0.920172,0.927974,0.958168,0.899487,0.918014,0.950995,0.960411,0.949507,0.892487,0.935372,0.971255,0.797835,0.967694,0.942845,0.950859,0.921763,0.934925,0.938335,0.901907,0.826465,0.937819,0.952349,0.910888,0.954792,0.959163,0.917996,0.976126,0.902309,0.950306,0.900764,0.952694,0.937651,0.936655,0.952245,0.951155,0.871357,0.96491,0.917141,0.947818,0.966398,0.761908,0.90614,0.763917,0.965765,0.933814,0.94908,0.916552,0.863293,0.971126,0.952746,0.942067,0.902819,0.592403,0.963983,0.90822,0.945412,0.949994,0.935085
George Knightley,0.953435,0.992117,0.987406,0.982886,0.951667,0.974806,0.979629,0.976744,0.984323,0.977203,0.961325,0.973452,0.944614,0.975525,0.922916,0.978865,0.98043,0.975333,0.98923,0.98334,0.961415,0.997662,0.905953,0.983603,0.982839,0.988984,0.94651,0.964304,1.0,0.979864,0.910351,0.992537,0.906389,0.979632,0.979168,0.905756,0.978498,0.962933,0.973975,0.990151,0.950775,0.970952,0.953188,0.983213,0.967791,0.938701,0.943774,0.965276,0.910036,0.947521,0.958489,0.9816,0.961208,0.897435,0.954687,0.986254,0.81133,0.979113,0.966425,0.978182,0.904032,0.949083,0.961799,0.909614,0.821537,0.963623,0.973202,0.939182,0.985839,0.987308,0.930982,0.969951,0.925603,0.972746,0.927324,0.967088,0.968437,0.957282,0.970276,0.972265,0.855812,0.986096,0.945686,0.965501,0.977168,0.770931,0.912823,0.75763,0.979755,0.922199,0.982881,0.911395,0.920177,0.979447,0.973785,0.947482,0.921501,0.650702,0.981896,0.93364,0.970017,0.973382,0.96133
George Wickham,0.938355,0.977141,0.978562,0.961766,0.940039,0.963074,0.972265,0.977384,0.983433,0.983502,0.95536,0.976304,0.928856,0.96374,0.940152,0.976827,0.967135,0.977228,0.979348,0.990539,0.949706,0.978407,0.891721,0.981581,0.98847,0.969654,0.943361,0.966858,0.979864,1.0,0.917323,0.97288,0.887073,0.977822,0.978719,0.892824,0.976614,0.965361,0.978798,0.970937,0.947561,0.961013,0.951947,0.971857,0.964101,0.945339,0.94122,0.965237,0.90536,0.939796,0.946706,0.969569,0.963372,0.881863,0.953419,0.977751,0.813429,0.980865,0.9549,0.957563,0.910678,0.956955,0.972365,0.905588,0.818455,0.951622,0.974006,0.930148,0.968529,0.970056,0.931722,0.966373,0.907914,0.977818,0.917485,0.960219,0.95736,0.93877,0.977652,0.968678,0.865387,0.972886,0.936934,0.957825,0.975551,0.760771,0.907536,0.755096,0.967088,0.919687,0.95732,0.892426,0.892259,0.973595,0.974005,0.941049,0.921439,0.632339,0.970884,0.923695,0.971112,0.961901,0.95614
Georgiana Darcy,0.840483,0.911148,0.914597,0.893976,0.870083,0.880886,0.910341,0.910137,0.91922,0.919575,0.872025,0.923121,0.868107,0.886263,0.876921,0.915803,0.895046,0.907172,0.915608,0.929293,0.898426,0.912917,0.861124,0.924844,0.924335,0.906589,0.871706,0.888778,0.910351,0.917323,1.0,0.897839,0.829945,0.913055,0.911394,0.83513,0.90896,0.890482,0.917859,0.909863,0.898879,0.883117,0.881092,0.903158,0.908063,0.904662,0.879405,0.898026,0.867565,0.894055,0.870198,0.910285,0.906782,0.821089,0.906877,0.90156,0.729609,0.917234,0.896961,0.895105,0.832045,0.891079,0.910035,0.838542,0.756991,0.901942,0.907792,0.863647,0.906788,0.908001,0.87557,0.898954,0.84496,0.926489,0.842042,0.897417,0.907356,0.86586,0.911665,0.899598,0.780208,0.91411,0.877244,0.900162,0.917041,0.716219,0.860459,0.671689,0.892137,0.838404,0.902936,0.820995,0.820952,0.891814,0.919382,0.852455,0.847463,0.627469,0.909607,0.87038,0.932937,0.895984,0.895343
Harriet Smith,0.962863,0.988219,0.980418,0.988314,0.950577,0.97948,0.971264,0.967825,0.974002,0.966299,0.956581,0.965428,0.947611,0.983702,0.906743,0.9675,0.985003,0.971651,0.986303,0.971963,0.951193,0.993784,0.894468,0.972217,0.972593,0.985948,0.936538,0.964124,0.992537,0.97288,0.897839,1.0,0.905654,0.967802,0.972686,0.898503,0.966525,0.960184,0.961807,0.986775,0.941513,0.972993,0.942787,0.985981,0.958193,0.923323,0.934338,0.959806,0.905059,0.938993,0.967733,0.981891,0.953379,0.901257,0.940986,0.987051,0.806659,0.968247,0.95771,0.977853,0.901916,0.938909,0.950187,0.906648,0.814248,0.951467,0.959556,0.931811,0.978371,0.983063,0.917318,0.968986,0.926735,0.958568,0.916604,0.959751,0.960311,0.96589,0.96152,0.961302,0.861138,0.98358,0.936287,0.956488,0.96641,0.774146,0.899282,0.758905,0.981942,0.922155,0.980484,0.922806,0.904152,0.977761,0.959317,0.950407,0.907458,0.622095,0.98125,0.917245,0.957596,0.970506,0.946081
Henrietta Musgrove,0.869464,0.901041,0.916432,0.8889,0.887932,0.908469,0.916364,0.888348,0.892284,0.888242,0.892922,0.880449,0.879886,0.894478,0.839978,0.899104,0.901127,0.881956,0.905319,0.89522,0.888913,0.909498,0.842006,0.896801,0.893906,0.907662,0.873319,0.86791,0.906389,0.887073,0.829945,0.905654,1.0,0.884207,0.892247,0.839475,0.888698,0.878153,0.897517,0.902108,0.876085,0.870712,0.872963,0.903854,0.883915,0.855599,0.865002,0.869813,0.856616,0.906409,0.883257,0.902172,0.883126,0.836909,0.862771,0.896905,0.735178,0.889423,0.901674,0.900318,0.801583,0.871813,0.882807,0.82216,0.760513,0.877608,0.887472,0.886638,0.900336,0.902183,0.85111,0.869417,0.856098,0.883639,0.857616,0.873143,0.883934,0.883057,0.890062,0.882643,0.751384,0.899524,0.874589,0.892249,0.894397,0.758057,0.842766,0.699458,0.897601,0.830742,0.909433,0.843193,0.86748,0.888324,0.894257,0.8782,0.822489,0.644814,0.885873,0.859801,0.887546,0.911755,0.885062
Henry Crawford,0.932164,0.97701,0.978584,0.959521,0.936575,0.959337,0.974215,0.976322,0.987901,0.978552,0.952407,0.97255,0.927668,0.953936,0.929203,0.984942,0.961356,0.973492,0.976957,0.983744,0.957588,0.978406,0.893104,0.990497,0.982784,0.967784,0.945239,0.959579,0.979632,0.977822,0.913055,0.967802,0.884207,1.0,0.975329,0.890796,0.983281,0.960068,0.970043,0.971993,0.946262,0.954003,0.951989,0.965083,0.97116,0.94328,0.954697,0.963612,0.898644,0.939107,0.935695,0.965622,0.96217,0.880593,0.968915,0.971317,0.805567,0.988262,0.957543,0.954816,0.900467,0.94572,0.958703,0.90353,0.811734,0.957346,0.981156,0.933551,0.968056,0.969321,0.947335,0.968062,0.898912,0.976131,0.931141,0.960767,0.956685,0.935483,0.965871,0.974978,0.84345,0.973218,0.941296,0.961494,0.984322,0.759137,0.923223,0.751961,0.962619,0.919301,0.962119,0.886027,0.894154,0.96999,0.985577,0.934848,0.933643,0.67234,0.96724,0.945598,0.972463,0.957121,0.974694
Henry Tilney,0.93853,0.976187,0.977268,0.960474,0.942442,0.963413,0.973433,0.970189,0.987954,0.975577,0.954722,0.967615,0.938863,0.965492,0.92937,0.979703,0.968909,0.981836,0.979372,0.980718,0.948162,0.977772,0.903429,0.98296,0.978437,0.967776,0.951142,0.965154,0.979168,0.978719,0.911394,0.972686,0.892247,0.975329,1.0,0.891867,0.983173,0.966841,0.968737,0.967474,0.942966,0.957055,0.958736,0.972727,0.96986,0.939534,0.945053,0.964703,0.910848,0.936184,0.952615,0.972693,0.959989,0.903064,0.956366,0.977704,0.808319,0.978974,0.955739,0.954828,0.903136,0.941433,0.963816,0.89897,0.842957,0.951604,0.97063,0.922142,0.965457,0.965691,0.935283,0.973544,0.906425,0.966925,0.906411,0.95935,0.955863,0.939863,0.964384,0.963175,0.877974,0.974407,0.943232,0.958231,0.973733,0.775832,0.916151,0.759271,0.964486,0.920162,0.959752,0.902976,0.889071,0.973037,0.970669,0.929538,0.913849,0.618581,0.969923,0.92696,0.959993,0.963014,0.952508
Isabella Knightley,0.862511,0.897533,0.901862,0.89595,0.862729,0.879674,0.899691,0.898217,0.900034,0.894314,0.866586,0.892186,0.863219,0.878048,0.822167,0.894089,0.890057,0.884851,0.900861,0.895586,0.888149,0.910671,0.839862,0.89914,0.896934,0.910914,0.857338,0.88008,0.905756,0.892824,0.83513,0.898503,0.839475,0.890796,0.891867,1.0,0.892536,0.876213,0.892079,0.909754,0.87703,0.895091,0.866099,0.895928,0.883885,0.85065,0.862475,0.877785,0.842108,0.875115,0.864899,0.894172,0.882257,0.818079,0.872789,0.893477,0.751611,0.896181,0.887383,0.902823,0.818946,0.867433,0.871382,0.83246,0.736884,0.887963,0.895069,0.859362,0.900896,0.906982,0.859337,0.880171,0.842315,0.894459,0.857413,0.879771,0.872655,0.867704,0.891642,0.887249,0.766778,0.902468,0.869771,0.885101,0.897304,0.719263,0.845889,0.661864,0.885558,0.849145,0.906708,0.819276,0.859548,0.895378,0.89038,0.875549,0.839506,0.620971,0.8954,0.865277,0.891333,0.889001,0.883677
Isabella Thorpe,0.927117,0.974651,0.977988,0.954731,0.941593,0.957979,0.973007,0.978166,0.99372,0.983729,0.955207,0.96993,0.929691,0.952212,0.934441,0.981506,0.960954,0.97571,0.97658,0.985998,0.954135,0.977209,0.905244,0.987617,0.98303,0.966064,0.955354,0.959899,0.978498,0.976614,0.90896,0.966525,0.888698,0.983281,0.983173,0.892536,1.0,0.964871,0.974974,0.967713,0.942336,0.949692,0.962704,0.966372,0.967549,0.947881,0.947839,0.963628,0.903367,0.9372,0.935391,0.965818,0.968824,0.886849,0.964694,0.970787,0.806231,0.984074,0.960379,0.955192,0.899292,0.953713,0.963497,0.905327,0.827116,0.955885,0.978012,0.92152,0.966538,0.968172,0.93662,0.970117,0.901017,0.977959,0.924039,0.955527,0.957876,0.932467,0.967243,0.973281,0.850441,0.971955,0.954404,0.958824,0.980607,0.766068,0.926974,0.745142,0.957873,0.923831,0.963157,0.889235,0.898782,0.971156,0.97867,0.926747,0.931339,0.665664,0.964354,0.940176,0.971518,0.956249,0.970515
James Morland,0.935507,0.967855,0.964521,0.952942,0.93378,0.952525,0.95845,0.957738,0.97254,0.960555,0.949769,0.954666,0.926613,0.955146,0.920168,0.964058,0.956779,0.968998,0.96484,0.96471,0.935865,0.963844,0.8793,0.966942,0.96082,0.958067,0.929114,0.960739,0.962933,0.965361,0.890482,0.960184,0.878153,0.960068,0.966841,0.876213,0.964871,1.0,0.949238,0.956838,0.932952,0.942747,0.949611,0.958257,0.955594,0.92934,0.923642,0.959192,0.897675,0.920271,0.943266,0.95514,0.949782,0.88336,0.942742,0.965633,0.794705,0.96585,0.948026,0.950015,0.905214,0.941121,0.946169,0.891071,0.826688,0.944406,0.958805,0.915279,0.954454,0.957467,0.920873,0.967424,0.898964,0.953922,0.900041,0.950283,0.934122,0.923529,0.951035,0.9487,0.862132,0.959365,0.925876,0.947584,0.963636,0.77239,0.904922,0.761368,0.957522,0.9184,0.946955,0.897902,0.878995,0.965764,0.955582,0.93173,0.905119,0.607129,0.957746,0.909681,0.944298,0.947866,0.934744
Jane Bennet,0.905223,0.966739,0.972633,0.945537,0.93077,0.949285,0.96743,0.975734,0.977847,0.985997,0.940781,0.971228,0.918518,0.942707,0.934915,0.975319,0.953857,0.959609,0.973654,0.990995,0.947981,0.973771,0.911007,0.978437,0.986154,0.964324,0.94086,0.943453,0.973975,0.978798,0.917859,0.961807,0.897517,0.970043,0.968737,0.892079,0.974974,0.949238,1.0,0.965316,0.946273,0.937761,0.945634,0.964254,0.95746,0.946093,0.937223,0.953543,0.908687,0.94453,0.921861,0.96352,0.967149,0.874138,0.953288,0.963652,0.808377,0.971505,0.953336,0.957731,0.883458,0.961683,0.970312,0.906186,0.805989,0.949959,0.971951,0.918956,0.959206,0.966268,0.920757,0.952353,0.899238,0.982576,0.911238,0.951355,0.96349,0.927307,0.981038,0.971715,0.829366,0.967033,0.946775,0.952039,0.971911,0.765136,0.909784,0.72635,0.950017,0.906288,0.962139,0.87868,0.900844,0.955326,0.973067,0.917253,0.916622,0.676231,0.956486,0.931691,0.979396,0.95414,0.962183
Jane Fairfax,0.949503,0.987034,0.982591,0.984062,0.943629,0.968613,0.974635,0.970668,0.976388,0.966978,0.952465,0.967926,0.942423,0.971307,0.910022,0.969828,0.976137,0.967789,0.98319,0.974391,0.956475,0.992922,0.895101,0.975231,0.97461,0.98679,0.932321,0.958369,0.990151,0.970937,0.909863,0.986775,0.902108,0.971993,0.967474,0.909754,0.967713,0.956838,0.965316,1.0,0.944287,0.968213,0.943257,0.978399,0.957656,0.934389,0.935569,0.959203,0.907628,0.945736,0.95668,0.975297,0.953139,0.880362,0.94581,0.979287,0.805878,0.971825,0.96042,0.979211,0.896067,0.942522,0.950088,0.908388,0.799204,0.962063,0.967352,0.941051,0.983463,0.985626,0.925398,0.962295,0.92705,0.966969,0.925074,0.96002,0.962081,0.954041,0.962622,0.962855,0.83986,0.983064,0.940333,0.957177,0.972543,0.768876,0.910368,0.740956,0.977734,0.911145,0.979481,0.904578,0.909392,0.97168,0.967993,0.950493,0.914975,0.657432,0.97797,0.925414,0.965974,0.971303,0.951837
John Dashwood,0.894911,0.951651,0.953811,0.926737,0.912896,0.92812,0.949968,0.93706,0.952876,0.944167,0.925546,0.936168,0.909109,0.933478,0.897489,0.952332,0.948961,0.943457,0.964033,0.953993,0.931253,0.951016,0.889556,0.956875,0.949112,0.940276,0.918507,0.932358,0.950775,0.947561,0.898879,0.941513,0.876085,0.946262,0.942966,0.87703,0.942336,0.932952,0.946273,0.944287,1.0,0.919349,0.918256,0.952338,0.938221,0.916248,0.91656,0.932662,0.912322,0.933248,0.903173,0.950508,0.93319,0.867828,0.929845,0.950681,0.77082,0.95148,0.938517,0.934826,0.865254,0.927648,0.941679,0.866096,0.805127,0.935734,0.949052,0.919669,0.941062,0.947013,0.911982,0.928068,0.8965,0.944639,0.897872,0.935764,0.947211,0.922563,0.939106,0.943027,0.809569,0.957985,0.912979,0.941803,0.954842,0.741073,0.893442,0.72234,0.938272,0.880002,0.942293,0.865649,0.874335,0.936785,0.951428,0.907373,0.87586,0.661402,0.942869,0.918157,0.945845,0.935384,0.940135
John Knightley,0.95811,0.970858,0.96268,0.975603,0.933649,0.95972,0.95851,0.953497,0.959787,0.949924,0.939662,0.952347,0.931609,0.969183,0.884965,0.950465,0.969019,0.961368,0.967565,0.954355,0.932062,0.971122,0.870541,0.956456,0.955802,0.962036,0.911252,0.958381,0.970952,0.961013,0.883117,0.972993,0.870712,0.954003,0.957055,0.895091,0.949692,0.942747,0.937761,0.968213,0.919349,1.0,0.928611,0.965155,0.94106,0.907451,0.916867,0.945871,0.887358,0.9171,0.962319,0.963408,0.94002,0.884772,0.9249,0.972273,0.794299,0.958515,0.938102,0.950816,0.896464,0.914163,0.931475,0.891412,0.799868,0.938391,0.944877,0.917296,0.963807,0.964769,0.913679,0.961907,0.898313,0.944403,0.907465,0.946044,0.938977,0.947188,0.944879,0.943085,0.859664,0.968916,0.917287,0.946179,0.954754,0.753345,0.892725,0.76196,0.968069,0.913791,0.953295,0.908989,0.866375,0.970194,0.945764,0.938814,0.898064,0.591805,0.969778,0.90076,0.939693,0.951099,0.929559
John Thorpe,0.914187,0.950777,0.954628,0.929401,0.923366,0.939364,0.950154,0.949533,0.966981,0.951626,0.94191,0.942262,0.91699,0.938041,0.91986,0.959542,0.942381,0.956962,0.953646,0.959619,0.928291,0.952273,0.882472,0.960645,0.95474,0.939975,0.931579,0.938754,0.953188,0.951947,0.881092,0.942787,0.872963,0.951989,0.958736,0.866099,0.962704,0.949611,0.945634,0.943257,0.918256,0.928611,1.0,0.94561,0.952848,0.926787,0.925681,0.944189,0.895319,0.914772,0.917456,0.942077,0.944611,0.885218,0.937482,0.950028,0.776123,0.959287,0.939414,0.934105,0.886353,0.933874,0.95,0.867857,0.826744,0.929801,0.951956,0.903879,0.953518,0.940361,0.916802,0.948966,0.882663,0.948733,0.888122,0.932425,0.934071,0.908219,0.937291,0.939167,0.847725,0.951596,0.925973,0.935578,0.953731,0.769682,0.904544,0.760881,0.940818,0.908109,0.942716,0.884394,0.888583,0.954465,0.953548,0.903028,0.896475,0.629858,0.938554,0.919221,0.937359,0.943957,0.935664
John Willoughby,0.955431,0.981242,0.978807,0.977939,0.946175,0.977762,0.969248,0.964335,0.973712,0.965038,0.954783,0.962269,0.953221,0.988091,0.915469,0.969204,0.989833,0.972646,0.994238,0.972872,0.947222,0.985232,0.912738,0.971802,0.971493,0.976249,0.937352,0.961887,0.983213,0.971857,0.903158,0.985981,0.903854,0.965083,0.972727,0.895928,0.966372,0.958257,0.964254,0.978399,0.952338,0.965155,0.94561,1.0,0.954927,0.92308,0.936158,0.957899,0.923266,0.940245,0.962908,0.988064,0.953239,0.910092,0.939183,0.991944,0.80621,0.964568,0.954971,0.967343,0.896587,0.940087,0.956705,0.899355,0.822835,0.945844,0.958242,0.931839,0.973283,0.973595,0.913749,0.964132,0.918655,0.958474,0.910716,0.957909,0.97488,0.974808,0.96096,0.955871,0.867242,0.991069,0.931758,0.952208,0.964036,0.775165,0.899964,0.759435,0.977719,0.914482,0.969173,0.924313,0.890329,0.976696,0.959415,0.941098,0.901749,0.62856,0.981389,0.916457,0.95743,0.969752,0.947221
Julia Bertram,0.924062,0.968302,0.965299,0.946688,0.929719,0.939085,0.962333,0.964629,0.975333,0.966634,0.944444,0.959905,0.929847,0.946337,0.925229,0.977231,0.953851,0.964914,0.966674,0.971498,0.939785,0.967216,0.896295,0.979772,0.968118,0.959841,0.931958,0.952166,0.967791,0.964101,0.908063,0.958193,0.883915,0.97116,0.96986,0.883885,0.967549,0.955594,0.95746,0.957656,0.938221,0.94106,0.952848,0.954927,1.0,0.945358,0.94328,0.956389,0.912328,0.932514,0.930267,0.957263,0.960919,0.889586,0.962308,0.961192,0.796773,0.979038,0.950851,0.948254,0.892861,0.941281,0.955107,0.884373,0.834037,0.954089,0.971247,0.916598,0.957376,0.960675,0.954084,0.957665,0.909358,0.964449,0.899663,0.946439,0.947615,0.917589,0.952381,0.960444,0.856735,0.962902,0.928777,0.947985,0.973005,0.771874,0.918508,0.744546,0.947474,0.912235,0.957284,0.890127,0.893936,0.96211,0.97164,0.920721,0.905281,0.635689,0.954792,0.949953,0.954829,0.948812,0.951884
Kitty Bennet,0.879886,0.941933,0.945751,0.914386,0.903468,0.902932,0.941612,0.944558,0.953529,0.955209,0.926496,0.941777,0.902974,0.908791,0.919908,0.948831,0.918341,0.938842,0.938459,0.958811,0.917149,0.939498,0.881459,0.953461,0.948165,0.93047,0.909996,0.920172,0.938701,0.945339,0.904662,0.923323,0.855599,0.94328,0.939534,0.85065,0.947881,0.92934,0.946093,0.934389,0.916248,0.907451,0.926787,0.92308,0.945358,1.0,0.908016,0.93138,0.891153,0.919447,0.897617,0.924977,0.945068,0.837444,0.934475,0.927727,0.754266,0.951216,0.93672,0.92469,0.861244,0.945403,0.939138,0.862177,0.806217,0.941196,0.944489,0.892926,0.940754,0.935681,0.911707,0.924851,0.881763,0.95445,0.87357,0.92076,0.93171,0.880553,0.936423,0.936196,0.804187,0.937471,0.904752,0.923668,0.95049,0.750615,0.906478,0.72197,0.921611,0.879523,0.93294,0.84784,0.877367,0.92777,0.954079,0.892519,0.893649,0.657508,0.929423,0.916033,0.944293,0.932827,0.931943
Lady Bertram,0.898319,0.937268,0.943388,0.925045,0.911522,0.930048,0.940124,0.938325,0.953127,0.94229,0.918604,0.935389,0.908449,0.926444,0.893845,0.959589,0.931671,0.943876,0.943739,0.947712,0.921733,0.944365,0.879495,0.964939,0.944017,0.935333,0.916041,0.927974,0.943774,0.94122,0.879405,0.934338,0.865002,0.954697,0.945053,0.862475,0.947839,0.923642,0.937223,0.935569,0.91656,0.916867,0.925681,0.936158,0.94328,0.908016,1.0,0.93149,0.880252,0.903947,0.904856,0.934547,0.935196,0.862366,0.938419,0.935746,0.774917,0.951252,0.924239,0.925502,0.867057,0.908119,0.930407,0.861251,0.787498,0.917791,0.943048,0.886387,0.935655,0.934578,0.915906,0.938148,0.863837,0.942342,0.87873,0.92011,0.924963,0.912789,0.929629,0.937798,0.832122,0.945797,0.917141,0.925246,0.954133,0.747941,0.900745,0.732056,0.92885,0.890068,0.930099,0.85412,0.861681,0.938762,0.956485,0.891063,0.883044,0.680539,0.935896,0.911588,0.931912,0.928927,0.95018
Lady Catherine de Bourgh,0.931547,0.968438,0.965118,0.951866,0.933262,0.945157,0.960558,0.96452,0.973314,0.964762,0.949144,0.96269,0.925357,0.953067,0.913637,0.965991,0.955304,0.966671,0.966275,0.96861,0.936868,0.966059,0.883964,0.971754,0.964598,0.95587,0.927377,0.958168,0.965276,0.965237,0.898026,0.959806,0.869813,0.963612,0.964703,0.877785,0.963628,0.959192,0.953543,0.959203,0.932662,0.945871,0.944189,0.957899,0.956389,0.93138,0.93149,1.0,0.893824,0.920513,0.938018,0.957051,0.955971,0.878486,0.945021,0.966208,0.805565,0.969307,0.943216,0.944302,0.906759,0.94515,0.947699,0.903208,0.825359,0.944754,0.962183,0.912349,0.951154,0.957797,0.923402,0.962665,0.900828,0.960021,0.903349,0.953535,0.938167,0.926403,0.953221,0.957224,0.855468,0.964327,0.91999,0.949384,0.96828,0.759968,0.907902,0.745067,0.958362,0.913121,0.94557,0.892873,0.875819,0.966749,0.961655,0.921941,0.913658,0.612451,0.959975,0.919183,0.950881,0.949462,0.941623
Lady Middleton,0.859949,0.912717,0.918976,0.891138,0.877134,0.893951,0.914506,0.903487,0.917355,0.907992,0.890437,0.8997,0.911735,0.909348,0.869473,0.916035,0.917052,0.914236,0.929925,0.916051,0.888534,0.915218,0.882808,0.917235,0.906717,0.90744,0.867158,0.899487,0.910036,0.90536,0.867565,0.905059,0.856616,0.898644,0.910848,0.842108,0.903367,0.897675,0.908687,0.907628,0.912322,0.887358,0.895319,0.923266,0.912328,0.891153,0.880252,0.893824,1.0,0.906514,0.879642,0.914562,0.906934,0.856364,0.888251,0.916219,0.725702,0.911002,0.907047,0.905358,0.840459,0.901661,0.9093,0.828418,0.823752,0.918653,0.906372,0.873496,0.914531,0.908261,0.883907,0.896529,0.864132,0.906276,0.839695,0.883424,0.92436,0.890735,0.902534,0.888611,0.794783,0.927179,0.873338,0.89147,0.91543,0.748522,0.869116,0.687879,0.897684,0.843984,0.916927,0.84995,0.856151,0.910233,0.918527,0.870281,0.840769,0.617506,0.906675,0.876404,0.902309,0.916318,0.886592
Lady Russell,0.893514,0.942957,0.963855,0.924909,0.921404,0.925095,0.957134,0.940376,0.94607,0.94195,0.925574,0.938385,0.905765,0.919997,0.888855,0.948465,0.933917,0.929541,0.951342,0.950188,0.941594,0.950331,0.888227,0.948012,0.948886,0.946681,0.906576,0.918014,0.947521,0.939796,0.894055,0.938993,0.906409,0.939107,0.936184,0.875115,0.9372,0.920271,0.94453,0.945736,0.933248,0.9171,0.914772,0.940245,0.932514,0.919447,0.903947,0.920513,0.906514,1.0,0.909356,0.94047,0.925858,0.861549,0.920648,0.939645,0.76761,0.944644,0.95986,0.943674,0.852121,0.924663,0.932721,0.876512,0.775374,0.936592,0.943886,0.938513,0.941901,0.948683,0.905314,0.915901,0.898138,0.942712,0.908284,0.927323,0.940609,0.905546,0.942839,0.936161,0.78894,0.944914,0.917258,0.929091,0.947747,0.749687,0.887458,0.734315,0.938531,0.874887,0.95175,0.860745,0.893378,0.9268,0.951589,0.926068,0.883109,0.673063,0.930378,0.915552,0.946481,0.957689,0.937839
Louisa Musgrove,0.960244,0.962802,0.959613,0.969555,0.9332,0.964516,0.95446,0.935361,0.946721,0.932593,0.944684,0.932078,0.932684,0.971865,0.867748,0.936765,0.96845,0.957003,0.959473,0.938278,0.921022,0.960683,0.859536,0.941296,0.938376,0.953768,0.90162,0.950995,0.958489,0.946706,0.870198,0.967733,0.883257,0.935695,0.952615,0.864899,0.935391,0.943266,0.921861,0.95668,0.903173,0.962319,0.917456,0.962908,0.930267,0.897617,0.904856,0.938018,0.879642,0.909356,1.0,0.958645,0.928431,0.884379,0.904797,0.967126,0.779343,0.941023,0.933806,0.943372,0.880532,0.906513,0.921368,0.87872,0.809542,0.923844,0.926646,0.911458,0.951455,0.950932,0.896162,0.954435,0.905021,0.920716,0.889176,0.936816,0.927776,0.943761,0.927197,0.921757,0.874393,0.961353,0.901633,0.936148,0.938494,0.759662,0.884204,0.745982,0.967007,0.902455,0.94068,0.911642,0.847214,0.959095,0.92542,0.941033,0.87559,0.567876,0.963447,0.875758,0.916023,0.952795,0.907773
Lucy Steele,0.951596,0.978934,0.977222,0.975428,0.946918,0.974333,0.96831,0.966452,0.97179,0.966181,0.949878,0.965341,0.945212,0.981946,0.909895,0.970035,0.989199,0.968825,0.991652,0.972189,0.947467,0.982775,0.919196,0.972466,0.97201,0.97467,0.939597,0.960411,0.9816,0.969569,0.910285,0.981891,0.902172,0.965622,0.972693,0.894172,0.965818,0.95514,0.96352,0.975297,0.950508,0.963408,0.942077,0.988064,0.957263,0.924977,0.934547,0.957051,0.914562,0.94047,0.958645,1.0,0.953788,0.911782,0.940736,0.988499,0.809355,0.965844,0.95328,0.964861,0.892823,0.937205,0.951055,0.899615,0.810367,0.943997,0.956854,0.92586,0.969814,0.970358,0.915787,0.965926,0.91554,0.95812,0.910488,0.96193,0.966776,0.973054,0.959648,0.957455,0.862154,0.987598,0.932085,0.956297,0.964769,0.774438,0.900421,0.754157,0.974252,0.916817,0.967391,0.942095,0.885695,0.971905,0.960628,0.937938,0.899536,0.629237,0.979396,0.918291,0.959197,0.964448,0.948058
Lydia Bennet,0.916041,0.961698,0.961096,0.944321,0.930799,0.942743,0.9616,0.96696,0.971622,0.973843,0.941946,0.963698,0.929802,0.9443,0.917785,0.965815,0.950948,0.960635,0.963562,0.974893,0.936465,0.961736,0.903966,0.973169,0.966253,0.951177,0.928442,0.949507,0.961208,0.963372,0.906782,0.953379,0.883126,0.96217,0.959989,0.882257,0.968824,0.949782,0.967149,0.953139,0.93319,0.94002,0.944611,0.953239,0.960919,0.945068,0.935196,0.955971,0.906934,0.925858,0.928431,0.953788,1.0,0.888684,0.947813,0.95634,0.782247,0.969566,0.946917,0.943696,0.88224,0.949529,0.95977,0.894484,0.824795,0.944163,0.95964,0.902832,0.953191,0.957904,0.922365,0.964435,0.899386,0.970496,0.907526,0.94151,0.945329,0.921095,0.959195,0.960863,0.84022,0.963286,0.930953,0.951905,0.969439,0.795698,0.924168,0.730205,0.943658,0.925737,0.95532,0.890501,0.879452,0.961368,0.962332,0.91241,0.902598,0.654039,0.953313,0.927573,0.963223,0.941167,0.953941
Margaret Dashwood,0.887549,0.891923,0.88981,0.889812,0.889777,0.901547,0.886219,0.883397,0.891552,0.884923,0.878962,0.885033,0.887035,0.914136,0.836341,0.892629,0.916913,0.902473,0.911667,0.886223,0.859622,0.896767,0.866288,0.891766,0.884939,0.888103,0.863514,0.892487,0.897435,0.881863,0.821089,0.901257,0.836909,0.880593,0.903064,0.818079,0.886849,0.88336,0.874138,0.880362,0.867828,0.884772,0.885218,0.910092,0.889586,0.837444,0.862366,0.878486,0.856364,0.861549,0.884379,0.911782,0.888684,1.0,0.860741,0.916526,0.730969,0.884895,0.881418,0.8804,0.830564,0.849977,0.882122,0.825206,0.792428,0.856214,0.867598,0.826608,0.882496,0.882828,0.842938,0.907536,0.834076,0.869514,0.820904,0.881251,0.88898,0.896702,0.875464,0.871191,0.817292,0.905509,0.846112,0.879255,0.878888,0.767003,0.825551,0.73115,0.891302,0.866821,0.887749,0.903737,0.815968,0.910568,0.869553,0.858143,0.811546,0.509712,0.893369,0.847666,0.864397,0.883765,0.860979
Maria Bertram,0.897744,0.954452,0.955304,0.930564,0.916371,0.925216,0.953748,0.956944,0.968794,0.96309,0.922526,0.954649,0.906599,0.92258,0.916379,0.969247,0.933826,0.948781,0.95294,0.965249,0.933084,0.954161,0.885926,0.973609,0.963873,0.944112,0.921385,0.935372,0.954687,0.953419,0.906877,0.940986,0.862771,0.968915,0.956366,0.872789,0.964694,0.942742,0.953288,0.94581,0.929845,0.9249,0.937482,0.939183,0.962308,0.934475,0.938419,0.945021,0.888251,0.920648,0.904797,0.940736,0.947813,0.860741,1.0,0.943939,0.786956,0.973379,0.938044,0.931008,0.873399,0.927868,0.938357,0.87601,0.797515,0.93917,0.96761,0.906796,0.942112,0.946964,0.941281,0.946933,0.885932,0.961238,0.898331,0.93772,0.935763,0.904433,0.945488,0.957114,0.828636,0.94815,0.923922,0.940941,0.969544,0.735795,0.915389,0.726783,0.932747,0.896039,0.947117,0.857052,0.876984,0.944907,0.967854,0.899775,0.903946,0.657431,0.938813,0.941717,0.952935,0.931655,0.955003
Marianne Dashwood,0.963439,0.985735,0.982427,0.980568,0.956737,0.979381,0.973333,0.970549,0.977889,0.971143,0.965002,0.968035,0.951495,0.990069,0.917003,0.973586,0.991962,0.978686,0.99515,0.975697,0.948563,0.986009,0.902274,0.975585,0.97598,0.975079,0.942912,0.971255,0.986254,0.977751,0.90156,0.987051,0.896905,0.971317,0.977704,0.893477,0.970787,0.965633,0.963652,0.979287,0.950681,0.972273,0.950028,0.991944,0.961192,0.927727,0.935746,0.966208,0.916219,0.939645,0.967126,0.988499,0.95634,0.916526,0.943939,1.0,0.818636,0.973488,0.961314,0.967533,0.911987,0.945233,0.956333,0.907772,0.823388,0.949945,0.96286,0.933216,0.974252,0.974577,0.924105,0.974797,0.919416,0.961525,0.918078,0.967077,0.970086,0.972645,0.96301,0.961882,0.871898,0.989956,0.933635,0.961099,0.970434,0.774684,0.902825,0.775915,0.984106,0.926594,0.966649,0.93454,0.889538,0.984482,0.963236,0.951916,0.912894,0.613076,0.985416,0.92123,0.9583,0.970886,0.948459
Mary Bennet,0.787776,0.808702,0.805382,0.798105,0.784071,0.797982,0.804003,0.813438,0.810796,0.808144,0.784646,0.802523,0.760167,0.796792,0.753342,0.811683,0.80358,0.801077,0.811801,0.809289,0.775775,0.808295,0.73238,0.810756,0.82135,0.803522,0.785833,0.797835,0.81133,0.813429,0.729609,0.806659,0.735178,0.805567,0.808319,0.751611,0.806231,0.794705,0.808377,0.805878,0.77082,0.794299,0.776123,0.80621,0.796773,0.754266,0.774917,0.805565,0.725702,0.76761,0.779343,0.809355,0.782247,0.730969,0.786956,0.818636,1.0,0.812696,0.782794,0.797763,0.742545,0.776205,0.787272,0.75198,0.655409,0.783912,0.815166,0.773067,0.788806,0.804717,0.77869,0.795158,0.743005,0.797429,0.764297,0.797661,0.781375,0.78399,0.797159,0.807117,0.735753,0.800103,0.784415,0.789483,0.806981,0.63389,0.747411,0.617862,0.809047,0.745128,0.794107,0.756388,0.730532,0.804268,0.7989,0.785913,0.781357,0.501181,0.794776,0.762609,0.795766,0.78583,0.784818
Mary Crawford,0.935197,0.979652,0.979823,0.959764,0.943599,0.956064,0.977792,0.978337,0.990848,0.981962,0.953823,0.973598,0.935203,0.954947,0.927357,0.987051,0.964239,0.977113,0.977985,0.985673,0.952753,0.978046,0.895744,0.992375,0.983581,0.969133,0.945488,0.967694,0.979113,0.980865,0.917234,0.968247,0.889423,0.988262,0.978974,0.896181,0.984074,0.96585,0.971505,0.971825,0.95148,0.958515,0.959287,0.964568,0.979038,0.951216,0.951252,0.969307,0.911002,0.944644,0.941023,0.965844,0.969566,0.884895,0.973379,0.973488,0.812696,1.0,0.962843,0.95834,0.907194,0.950837,0.962877,0.902082,0.825285,0.962179,0.988512,0.935859,0.970234,0.971871,0.958691,0.970398,0.911892,0.979016,0.927757,0.958652,0.956029,0.931984,0.968454,0.978379,0.851083,0.973596,0.942266,0.963176,0.990608,0.763401,0.931543,0.753605,0.963538,0.921397,0.966934,0.89048,0.897244,0.974632,0.987508,0.937246,0.929919,0.653886,0.965987,0.952632,0.971391,0.961143,0.971184
Mary Musgrove,0.921964,0.965172,0.979735,0.947974,0.952939,0.94814,0.971124,0.956519,0.966185,0.959849,0.960819,0.951164,0.926535,0.945035,0.904496,0.961498,0.952752,0.95798,0.966155,0.96469,0.951597,0.967323,0.895692,0.966085,0.960926,0.956399,0.927493,0.942845,0.966425,0.9549,0.896961,0.95771,0.901674,0.957543,0.955739,0.887383,0.960379,0.948026,0.953336,0.96042,0.938517,0.938102,0.939414,0.954971,0.950851,0.93672,0.924239,0.943216,0.907047,0.95986,0.933806,0.95328,0.946917,0.881418,0.938044,0.961314,0.782794,0.962843,1.0,0.953166,0.879359,0.940626,0.94888,0.885506,0.816405,0.950124,0.956297,0.932237,0.961069,0.961817,0.917834,0.947901,0.902684,0.956939,0.918721,0.949949,0.951813,0.923858,0.952009,0.949369,0.823474,0.963324,0.927137,0.951503,0.963164,0.761989,0.908074,0.757301,0.961135,0.915614,0.958096,0.885097,0.896963,0.95604,0.960476,0.938245,0.90272,0.662987,0.955604,0.927568,0.954332,0.973158,0.948185
Miss Bates,0.933945,0.973149,0.970054,0.973041,0.937033,0.956052,0.958767,0.96104,0.962587,0.95839,0.938477,0.957805,0.933654,0.958554,0.895258,0.959693,0.966295,0.95639,0.972403,0.962581,0.946765,0.983098,0.894889,0.962587,0.96254,0.980752,0.924141,0.950859,0.978182,0.957563,0.895105,0.977853,0.900318,0.954816,0.954828,0.902823,0.955192,0.950015,0.957731,0.979211,0.934826,0.950816,0.934105,0.967343,0.948254,0.92469,0.925502,0.944302,0.905358,0.943674,0.943372,0.964861,0.943696,0.8804,0.931008,0.967533,0.797763,0.95834,0.953166,1.0,0.88268,0.94082,0.939221,0.899365,0.789373,0.949932,0.953008,0.924095,0.971645,0.980798,0.905278,0.953617,0.918631,0.954909,0.910877,0.943394,0.952158,0.94423,0.957006,0.953868,0.829689,0.970783,0.935159,0.942129,0.961559,0.782041,0.894412,0.740424,0.963345,0.914006,0.97794,0.903175,0.918112,0.960739,0.955435,0.942881,0.897009,0.649983,0.963566,0.920307,0.956595,0.962262,0.943766
Mr. Allen,0.892128,0.908227,0.902418,0.899812,0.88433,0.899984,0.894537,0.898419,0.910908,0.90192,0.890465,0.905453,0.872287,0.902877,0.84955,0.900649,0.902076,0.913544,0.904371,0.903388,0.868426,0.903305,0.796161,0.903921,0.89963,0.893144,0.864994,0.921763,0.904032,0.910678,0.832045,0.901916,0.801583,0.900467,0.903136,0.818946,0.899292,0.905214,0.883458,0.896067,0.865254,0.896464,0.886353,0.896587,0.892861,0.861244,0.867057,0.906759,0.840459,0.852121,0.880532,0.892823,0.88224,0.830564,0.873399,0.911987,0.742545,0.907194,0.879359,0.88268,1.0,0.883182,0.883182,0.84538,0.769262,0.88547,0.890069,0.856656,0.897058,0.893245,0.86369,0.914622,0.84118,0.894768,0.837389,0.89863,0.874267,0.874133,0.893583,0.889939,0.804935,0.901589,0.86081,0.89271,0.899817,0.706991,0.838029,0.726469,0.908112,0.868743,0.876325,0.850774,0.82222,0.918308,0.893609,0.885634,0.856758,0.547493,0.907389,0.842684,0.879398,0.896458,0.872285
Mr. Bennet,0.895735,0.949846,0.953281,0.92646,0.914988,0.92338,0.946765,0.958431,0.95714,0.964654,0.938128,0.951053,0.909653,0.926357,0.924183,0.951075,0.934907,0.943246,0.951886,0.968218,0.9238,0.950389,0.877328,0.953876,0.959354,0.939552,0.923403,0.934925,0.949083,0.956955,0.891079,0.938909,0.871813,0.94572,0.941433,0.867433,0.953713,0.941121,0.961683,0.942522,0.927648,0.914163,0.933874,0.940087,0.941281,0.945403,0.908119,0.94515,0.901661,0.924663,0.906513,0.937205,0.949529,0.849977,0.927868,0.945233,0.776205,0.950837,0.940626,0.94082,0.883182,1.0,0.948928,0.891469,0.800238,0.940312,0.949778,0.903737,0.944824,0.945417,0.901514,0.934275,0.888372,0.961354,0.891251,0.932302,0.938961,0.90184,0.954101,0.947178,0.809494,0.946902,0.920022,0.934119,0.954629,0.743769,0.899104,0.728944,0.935892,0.901057,0.939964,0.868491,0.890259,0.943154,0.953068,0.916557,0.900213,0.659769,0.939059,0.912023,0.954201,0.93889,0.937316
Mr. Gardiner,0.908504,0.957273,0.96167,0.933363,0.9225,0.94011,0.956651,0.95961,0.96837,0.966836,0.94116,0.95405,0.915683,0.942797,0.940263,0.963589,0.947665,0.961587,0.964098,0.97972,0.939042,0.960671,0.899142,0.968883,0.971505,0.947633,0.926143,0.938335,0.961799,0.972365,0.910035,0.950187,0.882807,0.958703,0.963816,0.871382,0.963497,0.946169,0.970312,0.950088,0.941679,0.931475,0.95,0.956705,0.955107,0.939138,0.930407,0.947699,0.9093,0.932721,0.921368,0.951055,0.95977,0.882122,0.938357,0.956333,0.787272,0.962877,0.94888,0.939221,0.883182,0.948928,1.0,0.881677,0.829581,0.939359,0.956804,0.908279,0.953784,0.949767,0.919367,0.94527,0.892053,0.967508,0.893484,0.936294,0.952341,0.913315,0.960963,0.948688,0.849462,0.961465,0.923721,0.942799,0.959274,0.773918,0.900355,0.742289,0.941143,0.90253,0.946356,0.873686,0.889134,0.955383,0.960391,0.911042,0.898358,0.644528,0.9492,0.917088,0.961249,0.949964,0.94191
Mr. Hurst,0.870801,0.903809,0.907049,0.899006,0.880657,0.88999,0.899424,0.922056,0.912549,0.912279,0.881085,0.915491,0.851709,0.886073,0.842286,0.90356,0.897535,0.902695,0.905789,0.913094,0.882336,0.908666,0.836027,0.906066,0.912499,0.896915,0.861947,0.901907,0.909614,0.905588,0.838542,0.906648,0.82216,0.90353,0.89897,0.83246,0.905327,0.891071,0.906186,0.908388,0.866096,0.891412,0.867857,0.899355,0.884373,0.862177,0.861251,0.903208,0.828418,0.876512,0.87872,0.899615,0.894484,0.825206,0.87601,0.907772,0.75198,0.902082,0.885506,0.899365,0.84538,0.891469,0.881677,1.0,0.729461,0.878518,0.899261,0.849668,0.888128,0.90786,0.847391,0.905686,0.843362,0.905503,0.859209,0.891143,0.888604,0.871681,0.914172,0.911126,0.776832,0.902558,0.875348,0.892179,0.907507,0.699107,0.849187,0.676286,0.896662,0.861375,0.893615,0.840738,0.814933,0.902217,0.896147,0.87779,0.871542,0.600999,0.899166,0.862139,0.909451,0.886223,0.893048
Mr. Musgrove,0.800925,0.832604,0.821197,0.793708,0.790512,0.808368,0.828021,0.802794,0.836151,0.817528,0.835654,0.800088,0.821201,0.822521,0.808406,0.825048,0.814401,0.845009,0.825544,0.822827,0.7891,0.820284,0.772852,0.828411,0.804801,0.805952,0.79652,0.826465,0.821537,0.818455,0.756991,0.814248,0.760513,0.811734,0.842957,0.736884,0.827116,0.826688,0.805989,0.799204,0.805127,0.799868,0.826744,0.822835,0.834037,0.806217,0.787498,0.825359,0.823752,0.775374,0.809542,0.810367,0.824795,0.792428,0.797515,0.823388,0.655409,0.825285,0.816405,0.789373,0.769262,0.800238,0.829581,0.729461,1.0,0.818285,0.817782,0.77096,0.812464,0.808159,0.805456,0.823198,0.776767,0.807309,0.748536,0.799715,0.803977,0.779564,0.807955,0.7952,0.785644,0.822708,0.77218,0.816407,0.818042,0.68228,0.792717,0.665258,0.803258,0.771554,0.808297,0.779277,0.755432,0.838668,0.812608,0.764209,0.758609,0.430216,0.8091,0.776479,0.788812,0.814314,0.777978
Mr. Perry,0.908704,0.968004,0.964736,0.943968,0.914754,0.928429,0.962504,0.955002,0.96612,0.956641,0.938515,0.948816,0.920188,0.933244,0.904745,0.959402,0.943367,0.95176,0.958874,0.961337,0.945258,0.965437,0.884128,0.963881,0.956797,0.959551,0.916526,0.937819,0.963623,0.951622,0.901942,0.951467,0.877608,0.957346,0.951604,0.887963,0.955885,0.944406,0.949959,0.962063,0.935734,0.938391,0.929801,0.945844,0.954089,0.941196,0.917791,0.944754,0.918653,0.936592,0.923844,0.943997,0.944163,0.856214,0.93917,0.949945,0.783912,0.962179,0.950124,0.949932,0.88547,0.940312,0.939359,0.878518,0.818285,1.0,0.959895,0.92776,0.960553,0.967067,0.934046,0.94092,0.901741,0.956085,0.908243,0.93697,0.944281,0.907186,0.943512,0.947208,0.820407,0.956445,0.926258,0.943629,0.962803,0.757575,0.912845,0.723552,0.9434,0.884892,0.956177,0.864468,0.899769,0.948347,0.963136,0.92392,0.919857,0.66126,0.948541,0.923345,0.949672,0.950811,0.941775
Mr. Rushworth,0.919647,0.972577,0.974522,0.947117,0.927667,0.943645,0.974007,0.972901,0.985135,0.975885,0.944556,0.963968,0.925371,0.940407,0.925553,0.981635,0.952389,0.964791,0.970108,0.981162,0.948975,0.972107,0.892356,0.985725,0.979734,0.96417,0.9376,0.952349,0.973202,0.974006,0.907792,0.959556,0.887472,0.981156,0.97063,0.895069,0.978012,0.958805,0.971951,0.967352,0.949052,0.944877,0.951956,0.958242,0.971247,0.944489,0.943048,0.962183,0.906372,0.943886,0.926646,0.956854,0.95964,0.867598,0.96761,0.96286,0.815166,0.988512,0.956297,0.953008,0.890069,0.949778,0.956804,0.899261,0.817782,0.959895,1.0,0.94055,0.96111,0.969507,0.949484,0.954788,0.906701,0.976067,0.932069,0.952531,0.951194,0.920408,0.965803,0.975489,0.842003,0.964403,0.939824,0.956209,0.985436,0.753646,0.92967,0.740173,0.954009,0.905041,0.961287,0.869508,0.898932,0.962408,0.98344,0.930097,0.925173,0.667499,0.955077,0.948225,0.967727,0.953641,0.967134
Mr. Shepherd,0.917136,0.942264,0.952103,0.925551,0.904749,0.926075,0.947353,0.921061,0.932149,0.918488,0.922425,0.918425,0.900637,0.923127,0.872342,0.931612,0.929117,0.918757,0.938732,0.929384,0.930253,0.939961,0.842445,0.933234,0.929945,0.931612,0.894304,0.910888,0.939182,0.930148,0.863647,0.931811,0.886638,0.933551,0.922142,0.859362,0.92152,0.915279,0.918956,0.941051,0.919669,0.917296,0.903879,0.931839,0.916598,0.892926,0.886387,0.912349,0.873496,0.938513,0.911458,0.92586,0.902832,0.826608,0.906796,0.933216,0.773067,0.935859,0.932237,0.924095,0.856656,0.903737,0.908279,0.849668,0.77096,0.92776,0.94055,1.0,0.936311,0.938196,0.898458,0.904878,0.886138,0.92286,0.936471,0.925036,0.923246,0.900856,0.919811,0.921544,0.787796,0.935693,0.896295,0.925967,0.936948,0.735106,0.880265,0.743061,0.941936,0.859058,0.927941,0.848376,0.874668,0.923258,0.93709,0.939099,0.878225,0.658267,0.927287,0.894016,0.921988,0.943504,0.92034
Mr. Weston,0.945219,0.982179,0.979591,0.976096,0.943045,0.966586,0.971669,0.963206,0.974335,0.963997,0.953168,0.962124,0.946107,0.968263,0.915236,0.968279,0.972095,0.968826,0.979186,0.971938,0.952706,0.987652,0.895282,0.973485,0.968605,0.980181,0.935251,0.954792,0.985839,0.968529,0.906788,0.978371,0.900336,0.968056,0.965457,0.900896,0.966538,0.954454,0.959206,0.983463,0.941062,0.963807,0.953518,0.973283,0.957376,0.940754,0.935655,0.951154,0.914531,0.941901,0.951455,0.969814,0.953191,0.882496,0.942112,0.974252,0.788806,0.970234,0.961069,0.971645,0.897058,0.944824,0.953784,0.888128,0.812464,0.960553,0.96111,0.936311,1.0,0.979187,0.9242,0.959828,0.916861,0.964475,0.91551,0.955033,0.96296,0.946371,0.957859,0.955287,0.838311,0.980515,0.937032,0.955601,0.970008,0.770565,0.912384,0.758401,0.972617,0.915537,0.976014,0.903694,0.921883,0.971867,0.969588,0.941752,0.907998,0.667566,0.974413,0.925901,0.960293,0.970868,0.951394
Mr. Woodhouse,0.943011,0.985546,0.980375,0.977857,0.941109,0.96158,0.973004,0.971374,0.975876,0.970823,0.950742,0.967703,0.939633,0.963197,0.906773,0.969515,0.971229,0.965983,0.979634,0.9742,0.960486,0.989382,0.901974,0.975944,0.97376,0.984307,0.935495,0.959163,0.987308,0.970056,0.908001,0.983063,0.902183,0.969321,0.965691,0.906982,0.968172,0.957467,0.966268,0.985626,0.947013,0.964769,0.940361,0.973595,0.960675,0.935681,0.934578,0.957797,0.908261,0.948683,0.950932,0.970358,0.957904,0.882828,0.946964,0.974577,0.804717,0.971871,0.961817,0.980798,0.893245,0.945417,0.949767,0.90786,0.808159,0.967067,0.969507,0.938196,0.979187,1.0,0.926971,0.96219,0.925355,0.969079,0.928571,0.955915,0.960885,0.94669,0.965148,0.966178,0.841202,0.977279,0.944356,0.959387,0.974335,0.774655,0.91604,0.744729,0.970172,0.917366,0.979963,0.90058,0.914803,0.969833,0.96828,0.945432,0.911038,0.663621,0.973557,0.932974,0.967705,0.966651,0.955088
Mr. Yates,0.893068,0.935874,0.932327,0.909192,0.889828,0.902703,0.93531,0.931262,0.946295,0.931554,0.909305,0.924306,0.896028,0.906594,0.885938,0.946391,0.915714,0.931239,0.929708,0.937793,0.909785,0.928889,0.846635,0.948879,0.93589,0.923347,0.895663,0.917996,0.930982,0.931722,0.87557,0.917318,0.85111,0.947335,0.935283,0.859337,0.93662,0.920873,0.920757,0.925398,0.911982,0.913679,0.916802,0.913749,0.954084,0.911707,0.915906,0.923402,0.883907,0.905314,0.896162,0.915787,0.922365,0.842938,0.941281,0.924105,0.77869,0.958691,0.917834,0.905278,0.86369,0.901514,0.919367,0.847391,0.805456,0.934046,0.949484,0.898458,0.9242,0.926971,1.0,0.919232,0.877182,0.934022,0.883336,0.907025,0.906012,0.877154,0.916139,0.928139,0.817206,0.926585,0.900653,0.918677,0.946534,0.722556,0.896884,0.707795,0.914493,0.861103,0.920492,0.84116,0.856083,0.929213,0.947582,0.896213,0.893554,0.615788,0.914947,0.937542,0.919811,0.916775,0.921552
Mrs. Allen,0.949313,0.972007,0.966822,0.968511,0.946033,0.964657,0.961748,0.969697,0.977319,0.969084,0.947835,0.96887,0.936507,0.967357,0.906152,0.96542,0.967862,0.980509,0.971387,0.968919,0.938531,0.970071,0.891177,0.973711,0.967537,0.959481,0.9286,0.976126,0.969951,0.966373,0.898954,0.968986,0.869417,0.968062,0.973544,0.880171,0.970117,0.967424,0.952353,0.962295,0.928068,0.961907,0.948966,0.964132,0.957665,0.924851,0.938148,0.962665,0.896529,0.915901,0.954435,0.965926,0.964435,0.907536,0.946933,0.974797,0.795158,0.970398,0.947901,0.953617,0.914622,0.934275,0.94527,0.905686,0.823198,0.94092,0.954788,0.904878,0.959828,0.96219,0.919232,1.0,0.895206,0.962072,0.907423,0.960592,0.944075,0.941601,0.955458,0.955623,0.873606,0.971465,0.93435,0.960286,0.970484,0.775016,0.914344,0.76426,0.967276,0.948003,0.954661,0.921446,0.865983,0.977071,0.957121,0.934962,0.908666,0.608459,0.971078,0.914557,0.956835,0.950942,0.942505
Mrs. Bates,0.899516,0.929089,0.916666,0.917809,0.894718,0.902061,0.90897,0.905243,0.910812,0.90549,0.898316,0.901106,0.892757,0.916261,0.844902,0.91022,0.92173,0.903954,0.92247,0.909921,0.886889,0.928178,0.837746,0.910933,0.908136,0.925611,0.878053,0.902309,0.925603,0.907914,0.84496,0.926735,0.856098,0.898912,0.906425,0.842315,0.901017,0.898964,0.899238,0.92705,0.8965,0.898313,0.882663,0.918655,0.909358,0.881763,0.863837,0.900828,0.864132,0.898138,0.905021,0.91554,0.899386,0.834076,0.885932,0.919416,0.743005,0.911892,0.902684,0.918631,0.84118,0.888372,0.892053,0.843362,0.776767,0.901741,0.906701,0.886138,0.916861,0.925355,0.877182,0.895206,1.0,0.898971,0.858475,0.888554,0.902295,0.892936,0.901532,0.903326,0.794385,0.919735,0.878704,0.895266,0.911029,0.731821,0.848739,0.712611,0.913031,0.850922,0.921673,0.858042,0.856551,0.909402,0.902179,0.889717,0.836195,0.593608,0.910458,0.882229,0.897443,0.909887,0.888129
Mrs. Bennet,0.914804,0.968691,0.971952,0.950307,0.931466,0.943803,0.968304,0.980036,0.982227,0.986188,0.941025,0.977964,0.922799,0.941187,0.936839,0.975069,0.951536,0.965851,0.970588,0.990109,0.95349,0.971947,0.908111,0.983014,0.985439,0.962465,0.934066,0.950306,0.972746,0.977818,0.926489,0.958568,0.883639,0.976131,0.966925,0.894459,0.977959,0.953922,0.982576,0.966969,0.944639,0.944403,0.948733,0.958474,0.964449,0.95445,0.942342,0.960021,0.906276,0.942712,0.920716,0.95812,0.970496,0.869514,0.961238,0.961525,0.797429,0.979016,0.956939,0.954909,0.894768,0.961354,0.967508,0.905503,0.807309,0.956085,0.976067,0.92286,0.964475,0.969079,0.934022,0.962072,0.898971,1.0,0.920641,0.955063,0.957611,0.921553,0.976204,0.970941,0.83272,0.96888,0.944289,0.958631,0.979009,0.75965,0.922606,0.730404,0.949902,0.916973,0.962081,0.876027,0.90053,0.963114,0.9789,0.924119,0.924106,0.675547,0.959968,0.939645,0.984236,0.952799,0.962954
Mrs. Clay,0.89427,0.922276,0.937478,0.908657,0.89593,0.912042,0.934648,0.927379,0.925617,0.919904,0.903992,0.915002,0.876041,0.895864,0.847121,0.917358,0.906938,0.905166,0.92229,0.922057,0.920938,0.925865,0.837742,0.924955,0.926155,0.914978,0.88823,0.900764,0.927324,0.917485,0.842042,0.916604,0.857616,0.931141,0.906411,0.857413,0.924039,0.900041,0.911238,0.925074,0.897872,0.907465,0.888122,0.910716,0.899663,0.87357,0.87873,0.903349,0.839695,0.908284,0.889176,0.910488,0.907526,0.820904,0.898331,0.918078,0.764297,0.927757,0.918721,0.910877,0.837389,0.891251,0.893484,0.859209,0.748536,0.908243,0.932069,0.936471,0.91551,0.928571,0.883336,0.907423,0.858475,0.920641,1.0,0.918492,0.902319,0.880294,0.914778,0.924161,0.774106,0.91733,0.897998,0.92475,0.929157,0.716686,0.880544,0.711101,0.920442,0.878538,0.917919,0.837183,0.860084,0.915323,0.921084,0.92292,0.879858,0.676777,0.911026,0.889892,0.922196,0.914332,0.922564
Mrs. Croft,0.932637,0.965616,0.972776,0.953932,0.941518,0.954182,0.969191,0.955887,0.963878,0.959674,0.948205,0.9598,0.920224,0.951736,0.906558,0.958273,0.955829,0.960881,0.967108,0.963147,0.940952,0.965346,0.878291,0.96263,0.963154,0.95344,0.929016,0.952694,0.967088,0.960219,0.897417,0.959751,0.873143,0.960767,0.95935,0.879771,0.955527,0.950283,0.951355,0.96002,0.935764,0.946044,0.932425,0.957909,0.946439,0.92076,0.92011,0.953535,0.883424,0.927323,0.936816,0.96193,0.94151,0.881251,0.93772,0.967077,0.797661,0.958652,0.949949,0.943394,0.89863,0.932302,0.936294,0.891143,0.799715,0.93697,0.952531,0.925036,0.955033,0.955915,0.907025,0.960592,0.888554,0.955063,0.918492,1.0,0.944147,0.931749,0.949592,0.953794,0.849332,0.963381,0.921043,0.967093,0.957992,0.742913,0.899135,0.766733,0.965673,0.9203,0.945716,0.894794,0.869043,0.960697,0.951538,0.93246,0.898752,0.630256,0.964246,0.907221,0.953904,0.954167,0.938894
Mrs. Dashwood,0.914641,0.964219,0.96823,0.950373,0.93317,0.949605,0.956333,0.9561,0.963684,0.95875,0.94001,0.951418,0.929299,0.95742,0.916187,0.961232,0.965353,0.95404,0.978934,0.96877,0.939961,0.969857,0.917825,0.964263,0.964563,0.955402,0.930046,0.937651,0.968437,0.95736,0.907356,0.960311,0.883934,0.956685,0.955863,0.872655,0.957876,0.934122,0.96349,0.962081,0.947211,0.938977,0.934071,0.97488,0.947615,0.93171,0.924963,0.938167,0.92436,0.940609,0.927776,0.966776,0.945329,0.88898,0.935763,0.970086,0.781375,0.956029,0.951813,0.952158,0.874267,0.938961,0.952341,0.888604,0.803977,0.944281,0.951194,0.923246,0.96296,0.960885,0.906012,0.944075,0.902295,0.957611,0.902319,0.944147,1.0,0.946475,0.953718,0.950851,0.822673,0.976201,0.930006,0.943465,0.957838,0.753104,0.897267,0.733022,0.954533,0.898982,0.956339,0.89095,0.88667,0.951517,0.959215,0.917423,0.901599,0.671098,0.962017,0.922711,0.960065,0.956244,0.947538
Mrs. Ferrars,0.945212,0.953588,0.948098,0.965853,0.925092,0.96325,0.936875,0.931959,0.937819,0.931543,0.926814,0.934077,0.936229,0.976946,0.868643,0.935016,0.978997,0.941756,0.971175,0.935869,0.915765,0.959626,0.883776,0.938581,0.937053,0.95143,0.915198,0.936655,0.957282,0.93877,0.86586,0.96589,0.883057,0.935483,0.939863,0.867704,0.932467,0.923529,0.927307,0.954041,0.922563,0.947188,0.908219,0.974808,0.917589,0.880553,0.912789,0.926403,0.890735,0.905546,0.943761,0.973054,0.921095,0.896702,0.904433,0.972645,0.78399,0.931984,0.923858,0.94423,0.874133,0.90184,0.913315,0.871681,0.779564,0.907186,0.920408,0.900856,0.946371,0.94669,0.877154,0.941601,0.892936,0.921553,0.880294,0.931749,0.946475,1.0,0.925261,0.925241,0.837752,0.969766,0.901437,0.922399,0.92929,0.757351,0.856235,0.752627,0.958621,0.901528,0.939593,0.921771,0.855114,0.951102,0.925099,0.918708,0.867447,0.596439,0.963227,0.888559,0.922175,0.941453,0.917402
Mrs. Gardiner,0.915229,0.965174,0.969847,0.949496,0.932735,0.94887,0.964093,0.972565,0.973681,0.979217,0.938021,0.973038,0.919102,0.945074,0.923397,0.967905,0.95468,0.961502,0.969209,0.983444,0.942281,0.970723,0.898611,0.972756,0.977741,0.962131,0.927538,0.952245,0.970276,0.977652,0.911665,0.96152,0.890062,0.965871,0.964384,0.891642,0.967243,0.951035,0.981038,0.962622,0.939106,0.944879,0.937291,0.96096,0.952381,0.936423,0.929629,0.953221,0.902534,0.942839,0.927197,0.959648,0.959195,0.875464,0.945488,0.96301,0.797159,0.968454,0.952009,0.957006,0.893583,0.954101,0.960963,0.914172,0.807955,0.943512,0.965803,0.919811,0.957859,0.965148,0.916139,0.955458,0.901532,0.976204,0.914778,0.949592,0.953718,0.925261,1.0,0.965754,0.829437,0.965191,0.935573,0.952362,0.969489,0.766909,0.905065,0.741448,0.951234,0.91745,0.958041,0.883016,0.892451,0.960856,0.967634,0.928233,0.914331,0.655109,0.957813,0.923237,0.972559,0.953638,0.95334
Mrs. Grant,0.918249,0.967591,0.968865,0.949508,0.932525,0.94287,0.965828,0.971338,0.977068,0.974479,0.940304,0.968109,0.91437,0.939161,0.91047,0.973739,0.952712,0.957034,0.968044,0.977027,0.943543,0.970564,0.891226,0.979062,0.974541,0.959726,0.940202,0.951155,0.972265,0.968678,0.899598,0.961302,0.882643,0.974978,0.963175,0.887249,0.973281,0.9487,0.971715,0.962855,0.943027,0.943085,0.939167,0.955871,0.960444,0.936196,0.937798,0.957224,0.888611,0.936161,0.921757,0.957455,0.960863,0.871191,0.957114,0.961882,0.807117,0.978379,0.949369,0.953868,0.889939,0.947178,0.948688,0.911126,0.7952,0.947208,0.975489,0.921544,0.955287,0.966178,0.928139,0.955623,0.903326,0.970941,0.924161,0.953794,0.950851,0.925241,0.965754,1.0,0.827206,0.962034,0.941518,0.956505,0.977432,0.744361,0.917123,0.729765,0.951852,0.912722,0.958648,0.87835,0.892711,0.959796,0.972925,0.926165,0.917978,0.666872,0.955365,0.939686,0.967786,0.945678,0.97087
Mrs. Hurst,0.869461,0.861378,0.848877,0.858059,0.832663,0.860086,0.8467,0.850948,0.85969,0.849858,0.843598,0.844578,0.83651,0.872377,0.820615,0.850495,0.862413,0.879706,0.860209,0.853056,0.824089,0.853394,0.782168,0.854237,0.854662,0.842298,0.809501,0.871357,0.855812,0.865387,0.780208,0.861138,0.751384,0.84345,0.877974,0.766778,0.850441,0.862132,0.829366,0.83986,0.809569,0.859664,0.847725,0.867242,0.856735,0.804187,0.832122,0.855468,0.794783,0.78894,0.874393,0.862154,0.84022,0.817292,0.828636,0.871898,0.735753,0.851083,0.823474,0.829689,0.804935,0.809494,0.849462,0.776832,0.785644,0.820407,0.842003,0.787796,0.838311,0.841202,0.817206,0.873606,0.794385,0.83272,0.774106,0.849332,0.822673,0.837752,0.829437,0.827206,1.0,0.858047,0.808548,0.838174,0.839493,0.684437,0.796103,0.688748,0.858806,0.821586,0.828453,0.821974,0.74356,0.871768,0.824931,0.810244,0.776752,0.436198,0.863932,0.782725,0.821693,0.833643,0.80463
Mrs. Jennings,0.953174,0.984723,0.983559,0.979536,0.951627,0.974621,0.975666,0.970322,0.979896,0.970613,0.95866,0.969623,0.95562,0.984044,0.917433,0.975136,0.988549,0.977549,0.994865,0.977954,0.955102,0.988054,0.918546,0.980121,0.974524,0.977321,0.937564,0.96491,0.986096,0.972886,0.91411,0.98358,0.899524,0.973218,0.974407,0.902468,0.971955,0.959365,0.967033,0.983064,0.957985,0.968916,0.951596,0.991069,0.962902,0.937471,0.945797,0.964327,0.927179,0.944914,0.961353,0.987598,0.963286,0.905509,0.94815,0.989956,0.800103,0.973596,0.963324,0.970783,0.901589,0.946902,0.961465,0.902558,0.822708,0.956445,0.964403,0.935693,0.980515,0.977279,0.926585,0.971465,0.919735,0.96888,0.91733,0.963381,0.976201,0.969766,0.965191,0.962034,0.858047,1.0,0.937546,0.962243,0.974504,0.781645,0.91376,0.754204,0.978921,0.923927,0.973995,0.921875,0.897208,0.981407,0.970053,0.943991,0.909737,0.648373,0.986102,0.928316,0.966558,0.97383,0.956322
Mrs. Morland,0.886849,0.938916,0.945085,0.92499,0.906728,0.921614,0.939746,0.94349,0.953631,0.944241,0.915619,0.935602,0.888378,0.916207,0.880686,0.944666,0.925864,0.933467,0.940527,0.948714,0.924371,0.945351,0.877364,0.948859,0.95012,0.934338,0.926792,0.917141,0.945686,0.936934,0.877244,0.936287,0.874589,0.941296,0.943232,0.869771,0.954404,0.925876,0.946775,0.940333,0.912979,0.917287,0.925973,0.931758,0.928777,0.904752,0.917141,0.91999,0.873338,0.917258,0.901633,0.932085,0.930953,0.846112,0.923922,0.933635,0.784415,0.942266,0.927137,0.935159,0.86081,0.920022,0.923721,0.875348,0.77218,0.926258,0.939824,0.896295,0.937032,0.944356,0.900653,0.93435,0.878704,0.944289,0.897998,0.921043,0.930006,0.901437,0.935573,0.941518,0.808548,0.937546,1.0,0.931357,0.945624,0.736244,0.89403,0.709303,0.927606,0.888882,0.937217,0.852238,0.879007,0.926254,0.945677,0.896619,0.888379,0.696354,0.928946,0.911704,0.946182,0.924211,0.941076
Mrs. Musgrove,0.926546,0.965645,0.970813,0.947549,0.940711,0.951305,0.973038,0.955991,0.966502,0.961182,0.948395,0.955665,0.918148,0.945186,0.896632,0.95903,0.951695,0.95904,0.964126,0.964305,0.94519,0.963998,0.886137,0.966864,0.96082,0.950141,0.919381,0.947818,0.965501,0.957825,0.900162,0.956488,0.892249,0.961494,0.958231,0.885101,0.958824,0.947584,0.952039,0.957177,0.941803,0.946179,0.935578,0.952208,0.947985,0.923668,0.925246,0.949384,0.89147,0.929091,0.936148,0.956297,0.951905,0.879255,0.940941,0.961099,0.789483,0.963176,0.951503,0.942129,0.89271,0.934119,0.942799,0.892179,0.816407,0.943629,0.956209,0.925967,0.955601,0.959387,0.918677,0.960286,0.895266,0.958631,0.92475,0.967093,0.943465,0.922399,0.952362,0.956505,0.838174,0.962243,0.931357,1.0,0.965751,0.753848,0.916271,0.748297,0.958867,0.915235,0.951209,0.887012,0.877903,0.960884,0.957097,0.927664,0.901703,0.640419,0.95971,0.914497,0.954705,0.951483,0.945818
Mrs. Norris,0.92895,0.978546,0.980783,0.958359,0.941944,0.952756,0.978499,0.977577,0.988888,0.979106,0.952706,0.972117,0.934777,0.951061,0.923343,0.986996,0.962822,0.973768,0.977182,0.98348,0.954718,0.9773,0.901559,0.993261,0.979947,0.968015,0.941193,0.966398,0.977168,0.975551,0.917041,0.96641,0.894397,0.984322,0.973733,0.897304,0.980607,0.963636,0.971911,0.972543,0.954842,0.954754,0.953731,0.964036,0.973005,0.95049,0.954133,0.96828,0.91543,0.947747,0.938494,0.964769,0.969439,0.878888,0.969544,0.970434,0.806981,0.990608,0.963164,0.961559,0.899817,0.954629,0.959274,0.907507,0.818042,0.962803,0.985436,0.936948,0.970008,0.974335,0.946534,0.970484,0.911029,0.979009,0.929157,0.957992,0.957838,0.92929,0.969489,0.977432,0.839493,0.974504,0.945624,0.965751,1.0,0.764128,0.942585,0.7549,0.964251,0.92164,0.969148,0.888634,0.896796,0.969668,0.990209,0.936194,0.92485,0.680914,0.965963,0.9482,0.974685,0.962055,0.976019
Mrs. Phillips,0.758508,0.772124,0.771202,0.769509,0.755915,0.773908,0.768246,0.767083,0.76803,0.764189,0.764933,0.765183,0.765181,0.780802,0.736442,0.773721,0.780603,0.773964,0.777071,0.768475,0.754894,0.776825,0.748881,0.770058,0.764231,0.77981,0.741654,0.761908,0.770931,0.760771,0.716219,0.774146,0.758057,0.759137,0.775832,0.719263,0.766068,0.77239,0.765136,0.768876,0.741073,0.753345,0.769682,0.775165,0.771874,0.750615,0.747941,0.759968,0.748522,0.749687,0.759662,0.774438,0.795698,0.767003,0.735795,0.774684,0.63389,0.763401,0.761989,0.782041,0.706991,0.743769,0.773918,0.699107,0.68228,0.757575,0.753646,0.735106,0.770565,0.774655,0.722556,0.775016,0.731821,0.75965,0.716686,0.742913,0.753104,0.757351,0.766909,0.744361,0.684437,0.781645,0.736244,0.753848,0.764128,1.0,0.730646,0.625572,0.767007,0.751495,0.779013,0.762993,0.742701,0.783374,0.760383,0.749434,0.717423,0.469045,0.772013,0.738591,0.757314,0.771447,0.740062
Mrs. Price,0.871563,0.918244,0.923036,0.891224,0.889984,0.888436,0.932088,0.916919,0.933731,0.92063,0.900789,0.908372,0.883413,0.883041,0.863571,0.929592,0.896355,0.9202,0.912705,0.922495,0.89212,0.913626,0.863457,0.937978,0.914741,0.901998,0.882151,0.90614,0.912823,0.907536,0.860459,0.899282,0.842766,0.923223,0.916151,0.845889,0.926974,0.904922,0.909784,0.910368,0.893442,0.892725,0.904544,0.899964,0.918508,0.906478,0.900745,0.907902,0.869116,0.887458,0.884204,0.900421,0.924168,0.825551,0.915389,0.902825,0.747411,0.931543,0.908074,0.894412,0.838029,0.899104,0.900355,0.849187,0.792717,0.912845,0.92967,0.880265,0.912384,0.91604,0.896884,0.914344,0.848739,0.922606,0.880544,0.899135,0.897267,0.856235,0.905065,0.917123,0.796103,0.91376,0.89403,0.916271,0.942585,0.730646,1.0,0.70491,0.900741,0.869227,0.915366,0.831798,0.842792,0.9122,0.93381,0.868464,0.866282,0.667166,0.901628,0.892805,0.913434,0.902789,0.9238
Mrs. Rushworth,0.775424,0.761832,0.759111,0.751168,0.748696,0.753328,0.748642,0.737038,0.75094,0.74202,0.759649,0.746656,0.754918,0.777836,0.726919,0.7529,0.764195,0.767663,0.761296,0.746785,0.721319,0.752258,0.656733,0.752626,0.74845,0.743969,0.749296,0.763917,0.75763,0.755096,0.671689,0.758905,0.699458,0.751961,0.759271,0.661864,0.745142,0.761368,0.72635,0.740956,0.72234,0.76196,0.760881,0.759435,0.744546,0.72197,0.732056,0.745067,0.687879,0.734315,0.745982,0.754157,0.730205,0.73115,0.726783,0.775915,0.617862,0.753605,0.757301,0.740424,0.726469,0.728944,0.742289,0.676286,0.665258,0.723552,0.740173,0.743061,0.758401,0.744729,0.707795,0.76426,0.712611,0.730404,0.711101,0.766733,0.733022,0.752627,0.741448,0.729765,0.688748,0.754204,0.709303,0.748297,0.7549,0.625572,0.70491,1.0,0.777215,0.74617,0.739773,0.751127,0.691286,0.769929,0.752773,0.747599,0.695313,0.416115,0.761438,0.719198,0.728064,0.762547,0.733308
Mrs. Smith,0.965522,0.981946,0.983388,0.978862,0.95742,0.978112,0.972954,0.96075,0.967605,0.958083,0.962604,0.959034,0.943805,0.979983,0.901642,0.961973,0.979938,0.970207,0.979826,0.963959,0.947691,0.980067,0.87854,0.965797,0.965228,0.968934,0.930969,0.965765,0.979755,0.967088,0.892137,0.981942,0.897601,0.962619,0.964486,0.885558,0.957873,0.957522,0.950017,0.977734,0.938272,0.968069,0.940818,0.977719,0.947474,0.921611,0.92885,0.958362,0.897684,0.938531,0.967007,0.974252,0.943658,0.891302,0.932747,0.984106,0.809047,0.963538,0.961135,0.963345,0.908112,0.935892,0.941143,0.896662,0.803258,0.9434,0.954009,0.941936,0.972617,0.970172,0.914493,0.967276,0.913031,0.949902,0.920442,0.965673,0.954533,0.958621,0.951234,0.951852,0.858806,0.978921,0.927606,0.958867,0.964251,0.767007,0.900741,0.777215,1.0,0.922818,0.9621,0.923903,0.879576,0.975046,0.954842,0.956374,0.9041,0.625883,0.978329,0.909769,0.95009,0.976973,0.941158
Mrs. Thorpe,0.910073,0.919706,0.922761,0.921667,0.906619,0.921801,0.915997,0.93033,0.924784,0.927094,0.909397,0.930635,0.891029,0.919219,0.855563,0.915718,0.920626,0.933145,0.92244,0.922706,0.897432,0.923212,0.850332,0.923248,0.920953,0.910481,0.893842,0.933814,0.922199,0.919687,0.838404,0.922155,0.830742,0.919301,0.920162,0.849145,0.923831,0.9184,0.906288,0.911145,0.880002,0.913791,0.908109,0.914482,0.912235,0.879523,0.890068,0.913121,0.843984,0.874887,0.902455,0.916817,0.925737,0.866821,0.896039,0.926594,0.745128,0.921397,0.915614,0.914006,0.868743,0.901057,0.90253,0.861375,0.771554,0.884892,0.905041,0.859058,0.915537,0.917366,0.861103,0.948003,0.850922,0.916973,0.878538,0.9203,0.898982,0.901528,0.91745,0.912722,0.821586,0.923927,0.888882,0.915235,0.92164,0.751495,0.869227,0.74617,0.922818,1.0,0.911786,0.889009,0.835668,0.934087,0.905716,0.905874,0.861759,0.598899,0.925408,0.884852,0.915957,0.907965,0.90475
Philip Elton,0.932566,0.976288,0.974436,0.969426,0.938384,0.957308,0.967629,0.966846,0.969778,0.963744,0.938003,0.961665,0.938211,0.955639,0.903958,0.966883,0.965373,0.95777,0.975563,0.968962,0.95282,0.985956,0.909623,0.970617,0.968692,0.981881,0.926207,0.94908,0.982881,0.95732,0.902936,0.980484,0.909433,0.962119,0.959752,0.906708,0.963157,0.946955,0.962139,0.979481,0.942293,0.953295,0.942716,0.969173,0.957284,0.93294,0.930099,0.94557,0.916927,0.95175,0.94068,0.967391,0.95532,0.887749,0.947117,0.966649,0.794107,0.966934,0.958096,0.97794,0.876325,0.939964,0.946356,0.893615,0.808297,0.956177,0.961287,0.927941,0.976014,0.979963,0.920492,0.954661,0.921673,0.962081,0.917919,0.945716,0.956339,0.939593,0.958041,0.958648,0.828453,0.973995,0.937217,0.951209,0.969148,0.779013,0.915366,0.739773,0.9621,0.911786,1.0,0.901086,0.924332,0.962011,0.964024,0.934681,0.905482,0.667457,0.960533,0.930511,0.96472,0.965373,0.950779
Robert Ferrars,0.928372,0.914811,0.90086,0.924819,0.901036,0.927663,0.890329,0.900026,0.894103,0.893073,0.894162,0.903004,0.901109,0.942208,0.833022,0.894982,0.94221,0.909952,0.92512,0.892364,0.865061,0.912783,0.85971,0.892718,0.893221,0.903497,0.868746,0.916552,0.911395,0.892426,0.820995,0.922806,0.843193,0.886027,0.902976,0.819276,0.889235,0.897902,0.87868,0.904578,0.865649,0.908989,0.884394,0.924313,0.890127,0.84784,0.85412,0.892873,0.84995,0.860745,0.911642,0.942095,0.890501,0.903737,0.857052,0.93454,0.756388,0.89048,0.885097,0.903175,0.850774,0.868491,0.873686,0.840738,0.779277,0.864468,0.869508,0.848376,0.903694,0.90058,0.84116,0.921446,0.858042,0.876027,0.837183,0.894794,0.89095,0.921771,0.883016,0.87835,0.821974,0.921875,0.852238,0.887012,0.888634,0.762993,0.831798,0.751127,0.923903,0.889009,0.901086,1.0,0.819164,0.923406,0.873756,0.891949,0.834693,0.512052,0.916466,0.844168,0.87602,0.898223,0.862113
Robert Martin,0.85411,0.903818,0.906051,0.884106,0.866085,0.880868,0.897478,0.89759,0.900013,0.89792,0.878759,0.888125,0.867041,0.873234,0.866861,0.902942,0.882833,0.87768,0.901703,0.903331,0.890912,0.92145,0.843887,0.901615,0.90047,0.921789,0.867666,0.863293,0.920177,0.892259,0.820952,0.904152,0.86748,0.894154,0.889071,0.859548,0.898782,0.878995,0.900844,0.909392,0.874335,0.866375,0.888583,0.890329,0.893936,0.877367,0.861681,0.875819,0.856151,0.893378,0.847214,0.885695,0.879452,0.815968,0.876984,0.889538,0.730532,0.897244,0.896963,0.918112,0.82222,0.890259,0.889134,0.814933,0.755432,0.899769,0.898932,0.874668,0.921883,0.914803,0.856083,0.865983,0.856551,0.90053,0.860084,0.869043,0.88667,0.855114,0.892451,0.892711,0.74356,0.897208,0.879007,0.877903,0.896796,0.742701,0.842792,0.691286,0.879576,0.835668,0.924332,0.819164,1.0,0.893898,0.904521,0.872589,0.848141,0.650969,0.883964,0.878898,0.891234,0.902096,0.887017
Sir John Middleton,0.96472,0.980743,0.976421,0.973506,0.955262,0.973739,0.97197,0.968922,0.97735,0.97055,0.962025,0.968558,0.954463,0.978213,0.919145,0.969207,0.977936,0.977369,0.981306,0.971925,0.94488,0.979451,0.891617,0.974705,0.968593,0.969761,0.929569,0.971126,0.979447,0.973595,0.891814,0.977761,0.888324,0.96999,0.973037,0.895378,0.971156,0.965764,0.955326,0.97168,0.936785,0.970194,0.954465,0.976696,0.96211,0.92777,0.938762,0.966749,0.910233,0.9268,0.959095,0.971905,0.961368,0.910568,0.944907,0.984482,0.804268,0.974632,0.95604,0.960739,0.918308,0.943154,0.955383,0.902217,0.838668,0.948347,0.962408,0.923258,0.971867,0.969833,0.929213,0.977071,0.909402,0.963114,0.915323,0.960697,0.951517,0.951102,0.960856,0.959796,0.871768,0.981407,0.926254,0.960884,0.969668,0.783374,0.9122,0.769929,0.975046,0.934087,0.962011,0.923406,0.893898,1.0,0.962299,0.948647,0.913288,0.603089,0.980386,0.920514,0.95126,0.965586,0.944417
Sir Thomas Bertram,0.915138,0.971964,0.978718,0.948534,0.934376,0.946624,0.975463,0.971924,0.986282,0.976601,0.949019,0.967984,0.928434,0.943285,0.931205,0.988787,0.954703,0.966966,0.973633,0.983466,0.955755,0.974044,0.901663,0.99235,0.978888,0.966284,0.944571,0.952746,0.973785,0.974005,0.919382,0.959317,0.894257,0.985577,0.970669,0.89038,0.97867,0.955582,0.973067,0.967993,0.951428,0.945764,0.953548,0.959415,0.97164,0.954079,0.956485,0.961655,0.918527,0.951589,0.92542,0.960628,0.962332,0.869553,0.967854,0.963236,0.7989,0.987508,0.960476,0.955435,0.893609,0.953068,0.960391,0.896147,0.812608,0.963136,0.98344,0.93709,0.969588,0.96828,0.947582,0.957121,0.902179,0.9789,0.921084,0.951538,0.959215,0.925099,0.967634,0.972925,0.824931,0.970053,0.945677,0.957097,0.990209,0.760383,0.93381,0.752773,0.954842,0.905716,0.964024,0.873756,0.904521,0.962299,1.0,0.926069,0.926714,0.698714,0.959981,0.948345,0.972091,0.962234,0.977943
Sir Walter Elliot,0.945017,0.950113,0.954707,0.951352,0.918096,0.944397,0.947022,0.938101,0.935917,0.927006,0.931022,0.929843,0.912286,0.945834,0.869642,0.928566,0.949054,0.936007,0.946746,0.932555,0.923013,0.949533,0.837947,0.932362,0.936049,0.945688,0.891999,0.942067,0.947482,0.941049,0.852455,0.950407,0.8782,0.934848,0.929538,0.875549,0.926747,0.93173,0.917253,0.950493,0.907373,0.938814,0.903028,0.941098,0.920721,0.892519,0.891063,0.921941,0.870281,0.926068,0.941033,0.937938,0.91241,0.858143,0.899775,0.951916,0.785913,0.937246,0.938245,0.942881,0.885634,0.916557,0.911042,0.87779,0.764209,0.92392,0.930097,0.939099,0.941752,0.945432,0.896213,0.934962,0.889717,0.924119,0.92292,0.93246,0.917423,0.918708,0.928233,0.926165,0.810244,0.943991,0.896619,0.927664,0.936194,0.749434,0.868464,0.747599,0.956374,0.905874,0.934681,0.891949,0.872589,0.948647,0.926069,1.0,0.883573,0.617622,0.9467,0.885467,0.92106,0.948025,0.91117
Sir William Lucas,0.869521,0.918429,0.921264,0.897786,0.885842,0.89437,0.91443,0.933908,0.935334,0.928202,0.904335,0.92269,0.864075,0.889639,0.878457,0.92649,0.900438,0.91768,0.914595,0.93051,0.896083,0.919821,0.839541,0.926988,0.932965,0.908474,0.880959,0.902819,0.921501,0.921439,0.847463,0.907458,0.822489,0.933643,0.913849,0.839506,0.931339,0.905119,0.916622,0.914975,0.87586,0.898064,0.896475,0.901749,0.905281,0.893649,0.883044,0.913658,0.840769,0.883109,0.87559,0.899536,0.902598,0.811546,0.903946,0.912894,0.781357,0.929919,0.90272,0.897009,0.856758,0.900213,0.898358,0.871542,0.758609,0.919857,0.925173,0.878225,0.907998,0.911038,0.893554,0.908666,0.836195,0.924106,0.879858,0.898752,0.901599,0.867447,0.914331,0.917978,0.776752,0.909737,0.888379,0.901703,0.92485,0.717423,0.866282,0.695313,0.9041,0.861759,0.905482,0.834693,0.848141,0.913288,0.926714,0.883573,1.0,0.621346,0.904379,0.885303,0.918124,0.902776,0.908628
Susan Price,0.55002,0.633293,0.674012,0.614703,0.614407,0.623069,0.664978,0.662172,0.659969,0.658692,0.631256,0.641911,0.59746,0.584819,0.602996,0.677097,0.61605,0.61642,0.645911,0.665827,0.683034,0.65466,0.628539,0.679862,0.663238,0.644853,0.660415,0.592403,0.650702,0.632339,0.627469,0.622095,0.644814,0.67234,0.618581,0.620971,0.665664,0.607129,0.676231,0.657432,0.661402,0.591805,0.629858,0.62856,0.635689,0.657508,0.680539,0.612451,0.617506,0.673063,0.567876,0.629237,0.654039,0.509712,0.657431,0.613076,0.501181,0.653886,0.662987,0.649983,0.547493,0.659769,0.644528,0.600999,0.430216,0.66126,0.667499,0.658267,0.667566,0.663621,0.615788,0.608459,0.593608,0.675547,0.676777,0.630256,0.671098,0.596439,0.655109,0.666872,0.436198,0.648373,0.696354,0.640419,0.680914,0.469045,0.667166,0.416115,0.625883,0.598899,0.667457,0.512052,0.650969,0.603089,0.698714,0.617622,0.621346,1.0,0.627766,0.663275,0.692428,0.650006,0.727261
Thomas Palmer,0.956261,0.981417,0.978207,0.979591,0.949112,0.971154,0.968925,0.962637,0.972785,0.965456,0.956335,0.965379,0.953279,0.981301,0.909766,0.964623,0.981735,0.971847,0.985254,0.969834,0.950038,0.982832,0.896422,0.97152,0.966929,0.973104,0.930853,0.963983,0.981896,0.970884,0.909607,0.98125,0.885873,0.96724,0.969923,0.8954,0.964354,0.957746,0.956486,0.97797,0.942869,0.969778,0.938554,0.981389,0.954792,0.929423,0.935896,0.959975,0.906675,0.930378,0.963447,0.979396,0.953313,0.893369,0.938813,0.985416,0.794776,0.965987,0.955604,0.963566,0.907389,0.939059,0.9492,0.899166,0.8091,0.948541,0.955077,0.927287,0.974413,0.973557,0.914947,0.971078,0.910458,0.959968,0.911026,0.964246,0.962017,0.963227,0.957813,0.955365,0.863932,0.986102,0.928946,0.95971,0.965963,0.772013,0.901628,0.761438,0.978329,0.925408,0.960533,0.916466,0.883964,0.980386,0.959981,0.9467,0.904379,0.627766,1.0,0.91246,0.956205,0.966488,0.943747
Tom Bertram,0.877472,0.932409,0.932671,0.907648,0.895952,0.899456,0.931513,0.938078,0.943277,0.935641,0.906911,0.928049,0.892101,0.89991,0.886475,0.948278,0.917003,0.921287,0.932902,0.940036,0.91496,0.932642,0.873719,0.949562,0.938499,0.923319,0.913399,0.90822,0.93364,0.923695,0.87038,0.917245,0.859801,0.945598,0.92696,0.865277,0.940176,0.909681,0.931691,0.925414,0.918157,0.90076,0.919221,0.916457,0.949953,0.916033,0.911588,0.919183,0.876404,0.915552,0.875758,0.918291,0.927573,0.847666,0.941717,0.92123,0.762609,0.952632,0.927568,0.920307,0.842684,0.912023,0.917088,0.862139,0.776479,0.923345,0.948225,0.894016,0.925901,0.932974,0.937542,0.914557,0.882229,0.939645,0.889892,0.907221,0.922711,0.888559,0.923237,0.939686,0.782725,0.928316,0.911704,0.914497,0.9482,0.738591,0.892805,0.719198,0.909769,0.884852,0.930511,0.844168,0.878898,0.920514,0.948345,0.885467,0.885303,0.663275,0.91246,1.0,0.935376,0.912788,0.944183
William Collins,0.907549,0.965364,0.970416,0.949739,0.929608,0.943387,0.962877,0.979482,0.975068,0.979721,0.933539,0.976748,0.915617,0.93818,0.927127,0.969943,0.950071,0.960745,0.968928,0.985819,0.956409,0.970696,0.908424,0.976917,0.985053,0.95948,0.932924,0.945412,0.970017,0.971112,0.932937,0.957596,0.887546,0.972463,0.959993,0.891333,0.971518,0.944298,0.979396,0.965974,0.945845,0.939693,0.937359,0.95743,0.954829,0.944293,0.931912,0.950881,0.902309,0.946481,0.916023,0.959197,0.963223,0.864397,0.952935,0.9583,0.795766,0.971391,0.954332,0.956595,0.879398,0.954201,0.961249,0.909451,0.788812,0.949672,0.967727,0.921988,0.960293,0.967705,0.919811,0.956835,0.897443,0.984236,0.922196,0.953904,0.960065,0.922175,0.972559,0.967786,0.821693,0.966558,0.946182,0.954705,0.974685,0.757314,0.913434,0.728064,0.95009,0.915957,0.96472,0.87602,0.891234,0.95126,0.972091,0.92106,0.918124,0.692428,0.956205,0.935376,1.0,0.949428,0.960903
William Elliot,0.941585,0.972142,0.985413,0.960834,0.952763,0.96491,0.974782,0.956302,0.966385,0.957442,0.957623,0.954326,0.941263,0.964364,0.907054,0.963266,0.966488,0.963401,0.974099,0.96519,0.95202,0.976347,0.890765,0.965223,0.962239,0.969081,0.924152,0.949994,0.973382,0.961901,0.895984,0.970506,0.911755,0.957121,0.963014,0.889001,0.956249,0.947866,0.95414,0.971303,0.935384,0.951099,0.943957,0.969752,0.948812,0.932827,0.928927,0.949462,0.916318,0.957689,0.952795,0.964448,0.941167,0.883765,0.931655,0.970886,0.78583,0.961143,0.973158,0.962262,0.896458,0.93889,0.949964,0.886223,0.814314,0.950811,0.953641,0.943504,0.970868,0.966651,0.916775,0.950942,0.909887,0.952799,0.914332,0.954167,0.956244,0.941453,0.953638,0.945678,0.833643,0.97383,0.924211,0.951483,0.962055,0.771447,0.902789,0.762547,0.976973,0.907965,0.965373,0.898223,0.902096,0.965586,0.962234,0.948025,0.902776,0.650006,0.966488,0.912788,0.949428,1.0,0.940755
William Price,0.898785,0.954695,0.965314,0.934243,0.924296,0.936801,0.9632,0.960801,0.971679,0.965452,0.937983,0.953701,0.906863,0.925486,0.903478,0.976707,0.941547,0.948485,0.9604,0.96859,0.943011,0.95998,0.894383,0.979666,0.965402,0.950162,0.939378,0.935085,0.96133,0.95614,0.895343,0.946081,0.885062,0.974694,0.952508,0.883677,0.970515,0.934744,0.962183,0.951837,0.940135,0.929559,0.935664,0.947221,0.951884,0.931943,0.95018,0.941623,0.886592,0.937839,0.907773,0.948058,0.953941,0.860979,0.955003,0.948459,0.784818,0.971184,0.948185,0.943766,0.872285,0.937316,0.94191,0.893048,0.777978,0.941775,0.967134,0.92034,0.951394,0.955088,0.921552,0.942505,0.888129,0.962954,0.922564,0.938894,0.947538,0.917402,0.95334,0.97087,0.80463,0.956322,0.941076,0.945818,0.976019,0.740062,0.9238,0.733308,0.941158,0.90475,0.950779,0.862113,0.887017,0.944417,0.977943,0.91117,0.908628,0.727261,0.943747,0.944183,0.960903,0.940755,1.0
